,Timestamp,Weekday,Embedded_text,Emojis,Comments,Likes,Retweets,Tweet URL
0,2022-05-01 06:00:09,Sunday,"트위터에 이 책 추천이 없는게 신기하다. 작년에 읽은 10+권의 페미니즘 서적 중 가장 통찰력 있고 명징했던 책, <남성특권: 여성혐오는 어디에서 비롯되는가> (케이트 만, 오월의봄) 페미니즘서적 코너에서 이것저것 들춰보다 목차를 보고 사지 않을 수 x.. 번역도 매끄러움
1
435
551",🐝,1,435,551,https://twitter.com/daybydaybee/status/1520644223800061952
1,2022-05-01 01:50:56,Sunday,"들녘 출판사에서 <마법소녀는 왜 세상을 구하지 못했을까>를 보내주셨어요. 제목만 듣고 덕후짓 하는 작가에게 덕후 에세이 보내주시려나보다 했는데, 읽어보니 훨씬 무겁고 학구적인 방법으로 접근하는 책이더라고요. 엄청난 디테일로 채워진 책입니다. 강력 추천 
61
51",🎗 🤗,0,61,51,https://twitter.com/foolramzi/status/1520581504346181632
2,2022-05-01 05:34:10,Sunday,"#청년의_책장 <컬러의 시간, 제임스 폭스 저>
‘검정, 빨강, 노랑, 파랑, 하양, 보라, 초록’ 에 대한 여러분들의 감상은 어떠신가요? 

 컬러의 역사들과 각각의 색들이 주는 의미와 상징에 대해 조금 더 깊고 넓게 알고 싶으신 분들에게 재미있는 책 한 권 추천 드립니다 :) 

+)
1
72
250",,1,72,250,https://twitter.com/youthful_museum/status/1520637685362470912
3,2022-05-01 08:19:08,Sunday,"동시통역사면서 박사학위를 가진 사람을 나 자신을 포함해서 3명 밖에 모르는데, 그 중 한 명이 마리텔에서 ""통역좌""로 유명해진 우기홍 선배. 한일통번역 목표로 하시는 분은 이 책 읽어보시길 추천드립니다.
39
69",,0,39,69,https://twitter.com/drjpstudies/status/1520679197387399168
4,2022-05-01 14:55:51,Sunday,"이 책 진짜 좋음... 일본어 쓸 일 많은 회사원들한테도 추천...
트윗 인용하기
Dr. Japanese Studies(日本学) 【2021 Goal=Writing Book】
@drjpstudies
 · 5월 1일
동시통역사면서 박사학위를 가진 사람을 나 자신을 포함해서 3명 밖에 모르는데, 그 중 한 명이 마리텔에서 ""통역좌""로 유명해진 우기홍 선배. 한일통번역 목표로 하시는 분은 이 책 읽어보시길 추천드립니다.
1
3",,0,1,3,https://twitter.com/t___m___i718/status/1520779034493276160
5,2022-05-01 14:51:59,Sunday," ☆트위터 교류해시 추천☆
──────────────────
레양님은 #마음한_트친에게_책_펼쳐서_아무_문장_써준다 ♪
https://gaeyou.com/t/?262901
교류없던 지난날의 나를 반성하며,,,
안친해두 초멘이어두 다 찔러봐쥬세오
조금 천천히 올릴게용!
7
1
10",🌹 🐫 ♥,7,1,10,https://twitter.com/rayang00/status/1520778064275570688
6,2022-05-01 15:12:27,Sunday,"님들 인외서커스가 그렇게 기괴해요??? 책추천받는데 기과하데.. 트리거 눌릴수있다는말에 당황스러움 뭐..난 없어서 상관은없는데
1
3",,0,1,3,https://twitter.com/pungmue_/status/1520783214042021888
7,2022-05-01 23:00:01,Sunday,"민음사 유튜브 왤케 재밌음,,, 책추천 다 읽고싶네 역시 한국 가서 종이책을 사야
2",,0,0,2,https://twitter.com/teamoS2_S2/status/1520900881469816832
8,2022-05-01 02:45:47,Sunday,"타임라인에 스쳐지나간 <UML distilled> 추천을 보고 사보았다. 그간 '시스템 기획자'라는 직군을 정의하고 JD를 수차례 쓰면서도 이 카테고리를 몰랐다는게 부끄러울 정도로, 막연히 궁금했던 것들이 정리되어 있는 좋은 책이었다.
2",,0,0,2,https://twitter.com/capelliano2020/status/1520595307561512960
9,2022-05-01 13:54:03,Sunday," ☆트위터 교류해시 추천☆
──────────────────
무명님은 #마음한_트친에게_책_펼쳐서_아무_문장_써준다 ♪
https://gaeyou.com/t/?262901
심심하니 가보자구
1
13",🐍,1,0,13,https://twitter.com/honer_65/status/1520763481884020737
10,2022-05-01 01:30:47,Sunday,"책 추천 고마웡~ 행복한 5월을 함께 했으면 좋겠당!! 

#유지민은봐라
1",💙 💙,0,0,1,https://twitter.com/yujirinamin/status/1520576432455700480
11,2022-05-01 03:23:02,Sunday,애덤 그랜트는 완전 다독가인가봐. 무슨 책 마다 애덤 그랜트 추천 딱지가 붙어 있어,,0,0,0,https://twitter.com/bammashil/status/1520604683353878528
12,2022-05-01 08:44:57,Sunday,"문학 수행으로 할 만한 한국현대문학 책 추천..해주세용...ㅜ
3
5",,3,0,5,https://twitter.com/ZHS_NanDo/status/1520685695140270080
13,2022-05-01 09:07:55,Sunday,"서점 왔는 데 재밌는 책 추천 해주세요:)
2",👑,0,0,2,https://twitter.com/Queen_Regina79/status/1520691474828251136
14,2022-05-01 21:19:05,Sunday,"지민아, 좋은 아침이야 어제 지민이가 추천해준 책을 한 번 읽어보려고 주문했어! 사실 자기계발서류는 별로 좋아하진 않는데 지민이의 추천을 통해 나의 세계가 좀 더 넓어지면 더 좋을 것 같아
오늘도 많이 행복한 하루를 보냈으면 좋겠다, 이왕이면 컴백 스포도 좀 뜨구.... #유지민은봐라
9",😉 💙,0,0,9,https://twitter.com/pppharmppple/status/1520875480186241024
15,2022-05-01 04:43:06,Sunday,"친구에게 추천받고 이후로 좋아하는 사람에게 선물하게 된 책 <긴긴밤>
1
2",,0,1,2,https://twitter.com/kimkyo_work/status/1520624832026910720
16,2022-05-01 13:42:40,Sunday,"책방 사춘기
@sachungibook
 사장님께 추천 받은 '여름에 관한 그림책' 중 가장 먼저 골랐는데 이명애 작가님의 다른 책들도 읽고 싶어졌다. 정말 그림책은 '같이 읽기'가 가능한 기쁨이 무척 크고 같이 읽는 사람의 다른 해석도 무척 재밌다. 그림책은 시 읽기 만큼이나 다양한 해석이 가능한 것 같아.
트윗 인용하기
단밤
@wonmarron
 · 5월 1일
오늘 그림책 ""휴가""를 응정님과 읽었다. 그림 속에 활자화되지 않은 여러 내용을 읽어 내는 것이 무척 재밌었다. 
문득 그림책은 함께 읽을 수 있는 거의 유일한 책이라는 사실에 놀랐다.
(출처: http://aladin.co.kr/m/mproduct.asp…)
1
6",🪴,0,1,6,https://twitter.com/and_so_0n/status/1520760619867459584
17,2022-05-01 07:17:26,Sunday,"가좍님 추천으로 봄의 저~주라는 책을 읽었는데 먼가 좀 윤낫스러워서 몰입해버린... 속을 숨기는 남주는 윦너 같았고 죄책감에 시달리는 여주는 어느정도 내가 생각하는 솨니 캐해에 상당히 부합하는 거 같아씀 아마 윤낫으로 각색한다면 좀더 극단적인 상황까지 가지 않았을까 하는 생각
3",,0,0,3,https://twitter.com/YNAdeez8/status/1520663669897859073
18,2022-05-01 14:33:07,Sunday,"오라클 책이나 강의 추천 부탁드립니다
1",,0,1,0,https://twitter.com/gwailcodes/status/1520773314666369024
19,2022-05-01 15:53:32,Sunday," ☆트위터 교류해시 추천☆
──────────────────
나르님은 #마음한_트친에게_책_펼쳐서_아무_문장_써준다 ♪
https://gaeyou.com/t/?262901

오늘 점심 이후에  
있는 대본집 중에 해볼게요! 아니면 원작들!
1
1
3",➡ 🐒 💨,1,1,3,https://twitter.com/H_nanana_/status/1520793550228647936
20,2022-05-01 10:55:23,Sunday,"앞으로 트친님들의 책추천은 무조건 신뢰하고 곧장사야게따.. 저 책알못이라 추천많이해주세요.. 읽는거만 읽어서 님들이 쑤셔넣어줘야함
1",,0,0,1,https://twitter.com/yASMqEVEZDj4U4m/status/1520718520073416705
21,2022-05-01 03:38:02,Sunday,"추천받은 책 읽는중 초반인데 
""자기 생존 조건을 자기 손으로 파괴해서 멸망하게 된 걸 타살이라고 하긴 어렵잖아.""
뼈에 박히는중 인류는 자살중이야...
1
2",,1,0,2,https://twitter.com/riri_sinyageun/status/1520608459406049280
22,2022-05-01 13:08:06,Sunday,"통판으로 실물 책 사시는 거 추천드리겠습니다. 웹으로 보면 컴 사양 때문에 화면 깨지는 거라든지... 여러저러 문제로 만화는 보기가 힘들더라....
1
2",,1,0,2,https://twitter.com/kimmseung/status/1520751919895138306
23,2022-05-01 04:17:08,Sunday,"아부지가 나 책 읽는 거 보고 당신도 읽고 싶어졌는지 도서관 가서 엄청 빌려보시더라고 근데 에세이밖에 안 읽어봤고 소설은 어려워서 뭘 읽어야 할지 모르겠어서 추천해달라는 거임 내가 좋아하는 책은 쌕쓰가 너무 많이 나와서 권하기 좀 그렇잖아 ㅎㅎ;;
1",,0,0,1,https://twitter.com/yxxxxxxh/status/1520618296659570689
24,2022-05-01 03:31:17,Sunday,찌민이 추천책이나 사볼까,,0,0,0,https://twitter.com/Byeok_ae/status/1520606757868826625
25,2022-05-01 15:13:57,Sunday,"소설책 추천 해주세요
1
1",,1,0,1,https://twitter.com/aYoinHWjCFzlwFZ/status/1520783589658759169
26,2022-05-01 01:07:49,Sunday,"พี่น่าเขามาสวัสดีพฤษภาคม
푸릇푸릇한 5월이 왔어어어ㅓ어
산뜻한 5월을 맞이해서 책 추천 할겡
<오늘은 당신의 남은 인생의 첫날이다> 내가 이번에 미국 오고 갈때 비행기에서 읽은 책인데 너무 좋아서 추천하고 싶었엉
… 5월 첫날도 행복하게 보내",🍀 🌿 🌱 💚 🍀,0,0,0,https://twitter.com/_alwayswithyoux/status/1520570655611056128
27,2022-05-01 18:10:30,Sunday,윈이나 책 추천좀 해줘,💐,0,0,0,https://twitter.com/smallflowwer/status/1520828019430289413
28,2022-05-01 07:46:43,Sunday,안산맞춤정장 가죽슈즈 백산이 노지희 민스 수학솔루션 텝스책 철리벳 엔조주얼리 등이아픈이유 선물용잡곡 영문스템프 고학력 캐노퍼스 회보디자인 판교변호사 대만가을여행 파이썬책추천,,0,0,0,https://twitter.com/NvXAtrx864/status/1520671039180926977
29,2022-05-01 15:58:29,Sunday,난다 걸스 멜비타매장 담터꿀생강차 복숭아향홍차 월넛재단 개정부 스마토테이프 그림실사 군무원책추천 궁중태교 청담역요가 밤식빵팬 재은 BO 부여카페 새용품도매 풀러그,,0,0,0,https://twitter.com/WyrP2ratw/status/1520794796482531328
30,2022-05-01 01:31:38,Sunday,기차에서 읽을 만한 책 추천받고 있다. 허술한 걸 권했다간 가만 두지 않아.,,0,0,0,https://twitter.com/RuthvenM/status/1520576649993277440
31,2022-05-01 08:41:53,Sunday,"한줄 책추천 타래 #에세이만드는법 #이연실 #유유
저자 열성팬 됨.",,0,0,0,https://twitter.com/gudoogmaan/status/1520684922754588672
32,2022-05-01 09:22:32,Sunday,누가 재밌는 책 좀 추천해줬으면.. 나 이북 리더기 사서 지금 독서 성수기인데,,0,0,0,https://twitter.com/gyelaxy/status/1520695154880905216
33,2022-05-01 12:55:46,Sunday,"보수주의의  역사와 내용이 궁금한 분은 로버트 니스벳의 <보수주의>를 읽어보시면 됩니다. 얇고 딱히 많이 어렵지 않아요. 원트윗에 나오는 저 소리는 뭐냐고요? 저거 보고 ""이게 보수라고?""하실 분들 많을 것 같아서 책을 추천드림.
트윗 인용하기
자유시장법치
@samsik_c
 · 4월 29일
일부는 듣기 싫겠지만, 좌파 사상이 장악한 한국은 옳고 그름에 상관없이 약자에 대한 배려가 선이라고 생각하는 싸구려 감수성이 사회를 지배한다.
세상을 진보시켜 온 것은 보수의 차가운 이성이었고 감성은 변화와 진보를 막아 왔으니 좌익들이 스스로를 진보라고 칭하는 것은 참 어처구니 없다.
1",,0,1,0,https://twitter.com/ntild/status/1520748815514767360
34,2022-05-01 12:03:02,Sunday,스트레스를 받았다면 무리하지말고 푹 쉬어주세요. 자기 전 읽을만한 책이라도 추천해드릴까요?,,0,0,0,https://twitter.com/Archive_NIC_/status/1520735544669609985
35,2022-05-01 08:02:19,Sunday,캐딜락에스컬레이드 엔씨소프트 수입자동차가격 신영증권 서면이억남의그릴 현대캐피탈인증수입중고차 옵션기본예탁금 호텔신라 울산일산지맛집 울산맛집베스트10 대구서문시장맛집 외식프랜차이즈실무 사람인에이치알 주식매도후입금 생생정보 주식책추천,♥ ♥,0,0,0,https://twitter.com/w88seoul/status/1520674966261633025
36,2022-05-01 22:38:18,Sunday,"퇴사하면 어짜피 남남인 검다. 더 안 볼 인연인데 정이고 자시고 있겠슴까. 그러니까 있을 때 잘하지,라는검다. (끄덕끄덕...) 후기까지 써 주는 검까? 엄청 두꺼운 책으로 추천드렸는데, 논문 써 오시는 거 아니져... 유즈리하는 세 줄 요약을 좋아하니까여.",,0,0,0,https://twitter.com/animal_auto/status/1520895415104778245
37,2022-05-01 07:11:12,Sunday,"2017. 2. 7.

* 히로토 추천 받은 책 *

나무를 심은 사람, 양치기가 주인공인 자연에 관한 이야기.
하늘호수로 떠난 여행, 인도의 모습을 보여주면서 독특하게도 자신에 대해 생각해줄 수 있게 하는 책.",,0,0,0,https://twitter.com/mizuyo_forU/status/1520662100972310528
38,2022-05-01 18:12:00,Sunday,"추천해드리고 싶은 책은 정말 많은데... 아, ""정의란 무엇인가""! 재미있게 읽었던 기억이 나요.",,0,0,0,https://twitter.com/Starry_left_/status/1520828399798824960
39,2022-05-01 09:33:31,Sunday,"저랑 취향이 같으신 것 같은데 페잉으로 책 추천 마니 해주세요!!
peing.net
로라의 질문함입니다
질문/답변은 여기",❤ ❤,0,0,0,https://twitter.com/tenderislaura/status/1520697918407147520
40,2022-05-01 02:31:57,Sunday,"헐 찌민이가 책 추천해줌...,,
1",,1,0,0,https://twitter.com/124x__x/status/1520591827140677633
41,2022-05-01 13:37:34,Sunday,"님들ㄹ 재미난 소설책 추천
1",😋,1,0,0,https://twitter.com/gongsam282/status/1520759336691445760
42,2022-05-01 11:52:56,Sunday,"밀리의서재
책 추천 받습니㉰",,0,0,0,https://twitter.com/summarizehey/status/1520733001965256704
43,2022-05-01 12:01:43,Sunday,책 추천 좀,,0,0,0,https://twitter.com/nrzwb/status/1520735213017477120
44,2022-05-01 12:35:18,Sunday,"<장애의 역사> 오래전에 추천받았다가 요즘 도서관 다니기 시작해서야 읽고있는데 가슴이 벅찼다가 가라앉았다가 한다... 생각이 통째로 뒤집히는 책이다 다들 꼭 읽어보길.
3",,0,0,3,https://twitter.com/twotwotangle/status/1520743663390781440
45,2022-05-01 08:15:21,Sunday,그래도 수 모시 도서관에 다른 사서 분들도 짱착하시니까 책 위치나 내용 추천 물어봐주시면 다들 엄청 좋아하시거등여 많관부 부탁 이번에 나 SF 명작들 구입 신청도 함 ^.^,,0,0,0,https://twitter.com/PLugHo1e/status/1520678244592218112
46,2022-05-01 14:59:09,Sunday,"렛츠가락 책 재밌으니까 통판여시면
구매하십시어 추천",,0,0,0,https://twitter.com/zunllxe/status/1520779866266046464
47,2022-05-01 06:51:38,Sunday,"저도 책추천 하나 해보겠습니다
비밀-빡(@ QkrQkranseo)
진심 갓이에,
1",,1,0,0,https://twitter.com/IronTeSTAR/status/1520657177631158275
48,2022-05-01 03:25:23,Sunday,크레니히가 혼자 책을 읽고 있길래 읽을 만한 책이 있으면 추천해달라고 했더니 무척 당황하면서 『연극 연출의 이해』를 건네주더군. 이것 말고 좀 쉽게 읽을만한 게 없겠냐고 물었더니 더 당황하면서 『쉽게 풀어쓴 연극 연출의 이해』를 주었다. 음...,,0,0,0,https://twitter.com/Abel_UbotL/status/1520605274603913218
49,2022-05-01 17:41:09,Sunday,"[[게으름에 대한 찬양]]

이번은 종은배우님이 고른책~
가즈아~~



- 2022년1월4일 화요일 -
#버트런드러셀#사화평론#게으름에대한찬양#추천도서#송은경#쇼핑#책#도서#일상#일상#일타그램#일상스타그램#맞팔#맞팔그램#맞팔선팔#인싸#
instagram.com
김태환 (@realjosun) • Instagram photos and videos",😊 😁 😁 💕,0,0,0,https://twitter.com/realjosun/status/1520820635961765889
50,2022-05-01 17:50:56,Sunday,"[[생각의 탄생]]

이번에는 연출님이 고른책~
가즈아~~



- 2022년1월26일 수요일 -
#로버트루트번스타인#미셸루트번스타인#에코의서재#생각의탄생#박종성#추천도서#송은경##쇼핑#책#도서#일상#일상#일타그램#일상스타그램#맞팔#맞팔그램#맞팔선팔#인싸#
instagram.com
김태환 (@realjosun) • Instagram photos and videos",😊 😁 😁 💕,0,0,0,https://twitter.com/realjosun/status/1520823098894811136
51,2022-05-01 23:40:23,Sunday,"시를 대하는 시인의 임상적인 태도, 솔직하게 드러내다 https://mykyungjin.tistory.com/329 #세상과소통하는지혜 #거북이 #빙고 #에세이 #정선아리랑 #책 #책추천 #희망도서 #추천도서 #북 #북스타그램 #책읽기 #독서
mykyungjin.tistory.com
거북이목을 한 사람들이 바다로 나가는 아침(박세현 자전 산문집)
시를 대하는 시인의 임상적 태도, 솔직하게 드러내다 ‘거북이목을 한 사람들이 바다로 나가는 아침’(박세현 자전 산문, 2020.06.20, 예서 발행) 이 책은 삶 자체를 픽션으로 보고자 하는 관점..",,0,0,0,https://twitter.com/mykorea01/status/1520911039755603968
52,2022-05-01 09:15:22,Sunday,"13명의 조선시대 화가와 300여 점의 그림을 만나다_조선이 남긴 그림들 02 https://mykyungjin.tistory.com/343 #윤두서 #정선 #윤덕희 #조지운 #김홍도 #조선 #화가 #그림 #북 #북스타그램 #도서 #책 #책추천
mykyungjin.tistory.com
조선이 남긴 그림들 02: 13명의 조선시대 화가와 300여 점의 그림을 만나다
13명의 조선시대 화가와 300여 점의 그림을 만나다 앞서 발행된 15~17세기 조선시대 화가 25명과 360여 점의 그림을 소개한 <조선이 남긴 그림들 1>을 이은 이번 책 <조선이 남긴 그림들..",,0,0,0,https://twitter.com/mykorea01/status/1520693351334703104
53,2022-05-01 09:25:23,Sunday,"100년 중국을 이끈 지도자 34명과 240년 미국을 이끈 지도자 54명을 만나다 https://mykyungjin.tistory.com/357 #중국 #미국 #시진핑 #바이든 #정치 #대통령 #북 #북스타그램 #책 #책추천 #도서
mykyungjin.tistory.com
G2시대, 중국과 미국을 이끈 지도자들(공봉진 김혜진 지음)
G2시대, 중국과 미국의 지도자들을 소개하다 한 권의 책에 오늘날의 중국과 미국이 세계 G2 지위에 오르기까지 양국의 지도자를 모두 다룬 적이 없어서, 한 권의 책을 통해 양국의 지도자의..",,0,0,0,https://twitter.com/mykorea01/status/1520695870899245056
54,2022-05-01 23:45:23,Sunday,"윤동주 서시 한 편으로 세상이 밝고 아름다워질 것이다. https://mykyungjin.tistory.com/365 #예서의시 #비밀의숫자를누른다 #김태경시집 #책추천 #책소개 #북카페 #책읽기 #독서모임 #도서관 #사랑고백 #비밀번호 #숫자
mykyungjin.tistory.com
비밀의 숫자를 누른다(김태경 시집, 예서의시016
이 푸른 별에서 맺은 인연, 비밀의 숫자 만들어 아내에게 바치다 이 푸른 별에서 맺은 인연을 비밀의 숫자로 만들어 살아온 아내를 위한 시였고, 이는 함께 살아온 아내에게 바치는 헌사요,..",,0,0,0,https://twitter.com/mykorea01/status/1520912296708493313
55,2022-05-01 03:45:23,Sunday,"사랑의 추억을 안고 홀연히 떠날 것이다 https://mykyungjin.tistory.com/337 #달콤한이별 #막장 #막장드라마 #첫사랑 #성폭행 #성폭력 #결혼 #치유 #책 #책추천 #북 #북스타그램 #도서
mykyungjin.tistory.com
달콤한 이별(박민형 장편소설)
성폭행 당한 것을 운명으로 안고 산 여자의 절규를 들으며… 첫사랑의 상흔들이 부메랑이 되어 날아오고, 현재 함께 살고 있는 남편이 과거에 자신의 순결을 무참하게 짓밟았던 성폭행범이..",,0,0,0,https://twitter.com/mykorea01/status/1520610306296520705
56,2022-05-01 18:00:06,Sunday,"펼치면서 알아보는 숨겨진 공룡지식백과 wi**dewy- (배송) 빨라요, (재미) 재밌어요, (추천여부) 보통이에요 5세 남아 공룡책 사달래서 사줬어요. 매우 좋아합
kyobobook.co.kr
펼치면서 알아보는 숨겨진 공룡지식백과 - 교보문고
이 책 공룡이 살던 그때, 그 공룡을 그대로 재연하였습니다. 독자는 책의 표지를 열며 이제는 만날 수 없는 다양한 공룡을 발견하게 됩니다. 첫 장을 열면 큰 공룡의 발을 자세히 살필 수 있습니다. 평소에 공룡에 관심이 없다고 해도 세밀한 공룡 묘사에 자세히 살펴볼 수밖...",,0,0,0,https://twitter.com/atmark99/status/1520825405355175936
57,2022-05-01 09:35:23,Sunday,"트로이목마로 일리온성에 잠입한 #아가멤논 _#트로이전쟁 승리하다 https://mykyungjin.tistory.com/356 #메데이아 #아이스퀼로스 #그리스 #고전문학 #북 #북스타그램 #책 #책추천 #희망도서
mykyungjin.tistory.com
아가멤논(Ἀγαμέμνων)_원전 그리스 비극 세 번째
트로이 목마로 일리온성에 잠입한 아가멤논 이 책은 트로이 목마(목마 속에 오뒤세우스와 수십 명의 군사 잠입)를 이용해 굳게 닫힌 성(일리온성) 안으로 진입에 성공한 아가멤논이 10년 동안..",,0,0,0,https://twitter.com/mykorea01/status/1520698386256904192
58,2022-05-01 09:45:23,Sunday,"고전서사의 재해석과 현대적 스토리텔링 고민, 고전서사를 소재로 한 웹툰 스토리텔링 https://mykyungjin.tistory.com/359 #웹툰 #고전서사 #스토리텔링 #책 #책추천 #책읽기 #도서관 #추천도서 #희망도서 #독서 #북리뷰
mykyungjin.tistory.com
고전서사와 웹툰 스토리텔링
웹을 기반으로 삼는 문화 현상, 웹툰에 관심 있는 고전문학 전공자들이 기획한 책 이 책은 ‘웹을 기반으로 삼는 문화 현상’, 특히 웹툰에 관심을 지닌 ‘고전(서사)문학 전공자’들이 모여서..",,0,0,0,https://twitter.com/mykorea01/status/1520700904772890624
59,2022-05-01 11:10:22,Sunday,"문장 속에서 엇박자로 출렁대는 산문집 #필멸하는인간의덧없는방식으로 #박세현산문집 https://mykyungjin.tistory.com/379  #변방일기 #이야기 #글쓰기 #고백 #한국문단 #좋아요 #댓글 #공유 부탁해요 #추천 #책 #책소개 #책읽
mykyungjin.tistory.com
필멸하는 인간의 덧없는 방식으로(박세현 산문집)
문장 속에서 엇박자로 출렁대는 산문집 ≪필멸하는 인간의 덧없는 방식으로≫는 시인 박세현의 산문집이다. 목차가 없는 일기체로 쓰여진 산문이다. 고백적이면서 시적이고, 자유로우면서 도발적이다..",,0,0,0,https://twitter.com/mykorea01/status/1520722292523008000
60,2022-05-01 23:05:23,Sunday,"무역업을 창업하고자 하는 개인이나 기업의 실무진을 위한 지침서  https://mykyungjin.tistory.com/360  #무역 #필독서 #책소개 #책추천 #도서 #추천 #독서 #도서관 #수험생 #희망도서
mykyungjin.tistory.com
스마트 국제무역실무(강민효 지음)
무역업을 창업하고자 하는 개인이나 기업의 실무진을 위한 지침서 국제무역사, 관세사 등 각종 고시를 준비하고 있는 수험생을 위한 지침서 이 책이 가지는 의의와 가치는 필자가 실전에서 배운 무역 지..",,0,0,0,https://twitter.com/mykorea01/status/1520902232585035777
61,2022-05-01 09:30:23,Sunday,"국제무역사, 관세사 등 각종 고시를 준비하고 있는 수험생을 위한 지침서  https://mykyungjin.tistory.com/360  #무역 #수험생 #필독서 #책소개 #책추천 #도서 #추천 #독서 #도서관 #희망도서
mykyungjin.tistory.com
스마트 국제무역실무(강민효 지음)
무역업을 창업하고자 하는 개인이나 기업의 실무진을 위한 지침서 국제무역사, 관세사 등 각종 고시를 준비하고 있는 수험생을 위한 지침서 이 책이 가지는 의의와 가치는 필자가 실전에서 배운 무역 지..",,0,0,0,https://twitter.com/mykorea01/status/1520697127416266752
62,2022-05-01 11:15:45,Sunday,"오늘 하루 종일 책 읽었더니 시간이 진짜 빨리 갔어. 그래도 간만에 좀 덜 허무한 주말이었다.. Now playing #BTS_Butter by #BTS on my music playlist 
@BTS_twt",,0,0,0,https://twitter.com/miyabts1/status/1520723647098355713
63,2022-05-01 11:00:23,Sunday,"김종삼 시인 탄생 100주기(2021년) 헌정 시집  https://mykyungjin.tistory.com/378  #김종삼을생각하다 #헌정 #김종삼 #헌정시집 #좋아요 #댓글 #공유 부탁해요 #추천 #추천도서 #북카페 #책소개 #책읽기
mykyungjin.tistory.com
김종삼을 생각하다(강세환 시집, 예서 발행)
김종삼 시인을 위한 헌정 시집 강세환 시인의 열 번째 시집 ≪김종삼을 생각하다≫가 ‘예서의시 19’로 출간되었다. 이 시집은 처음부터 끝까지 ‘김종삼과 김종삼 생각과 김종삼과 관련된 시..",,0,0,0,https://twitter.com/mykorea01/status/1520719779090567168
64,2022-05-01 12:53:43,Sunday,"#숨은그림찾기 아이의 즐거움과
두뇌발달에 도움을 주는 책 추천해요
#책추천 #쿠팡 #숨은그림책
#어린이도서

쿠팡구매링크
https://link.coupang.com/a/mEnec

""이 포스팅은 쿠팡 파트너스 활동의 일환으로, 이에 따른 일정액의 수수료를 제공받습니다.""
2",💎 💎,0,0,2,https://twitter.com/chologpul/status/1520748298357067776
65,2022-05-01 23:25:23,Sunday,시인을 찾아다니며 만끽했던 여행 기록을 엮은 책 https://smartstore.naver.com/kyungjinpub/products/5667382704… #책 #책추천 #책읽기 #북카페 #독서 #독서모임 #도서관 #경상남도 #경상북도,,0,0,0,https://twitter.com/mykorea01/status/1520907265272082432
66,2022-05-01 09:50:23,Sunday,"우리 문학사에 손길이 닿지 않고 발품에서 멀어진 문학을 찾아 행복을 나누는 아름다운 사람  https://mykyungjin.tistory.com/363  #지역문학의들숨과날숨 #지역문학 #자원봉사자 #문학 #책추천 #희망도서 #도서관
mykyungjin.tistory.com
지역문학의 들숨과 날숨(지역문학총서29)
문학 연구의 방향과 의미를 올곧게 인식,지역문학의위상과 가치를 올바르게 정립시키고자 하다 지역사회(경남)와 깊은 연고를 가진 작가, 작품, 문학담론에 관한 연구비평서 이 책은 지역 작가들에 대..",,0,0,0,https://twitter.com/mykorea01/status/1520702162199728128
67,2022-05-01 04:12:29,Sunday,"고전서사의 재해석과 현대적 스토리텔링 고민, 고전서사를 소재로 한 웹툰 스토리텔링
https://mykyungjin.tistory.com/359

#웹툰 #고전서사 #스토리텔링
#책 #책추천 #책읽기 #도서관 #추천도서 #희망도서 #독서 #북리뷰
mykyungjin.tistory.com
고전서사와 웹툰 스토리텔링
웹을 기반으로 삼는 문화 현상, 웹툰에 관심 있는 고전문학 전공자들이 기획한 책 이 책은 ‘웹을 기반으로 삼는 문화 현상’, 특히 웹툰에 관심을 지닌 ‘고전(서사)문학 전공자’들이 모여서..",,0,0,0,https://twitter.com/mykorea01/status/1520617126351888384
68,2022-05-01 23:20:23,Sunday,"500일 동안, 500번 이상 로그인: 솔직한 글쓰기와 생생한 댓글 https://mykyungjin.tistory.com/300 100일 동안 하루도 쉬지 않고 글을 쓴다. #로그인 #글쓰기 #책 #책추천 #희망도서 #추천도서 #북 #북스타그램 #독
mykyungjin.tistory.com
오백 번의 로그인: 글쓰기 공동체는 꿈꾸는 열두 사람의 100일 글쓰기(이미란 외 지음)
글쓰기 공동체를 꿈꾸는 열두 사람의 100일 글쓰기 모음집 500일 동안, 500번 이상 로그인 ≪오백 번의 로그인≫은 글쓰기 공동체를 꿈꾸는 열두 사람의 100일 글쓰기 모음집이다. ‘100일 동안 하루..",,0,0,0,https://twitter.com/mykorea01/status/1520906004644646912
69,2022-05-01 09:20:23,Sunday,"막장도 이렇게까지 막장일 수는 없다 https://mykyungjin.tistory.com/337 #달콤한이별 #막장 #드라마 #첫사랑 #성폭행 #성폭력 #결혼 #치유 #책 #책추천 #책읽기 #희망도서 #추천도서 #독서 #북스타그램 #북 #도서관
mykyungjin.tistory.com
달콤한 이별(박민형 장편소설)
성폭행 당한 것을 운명으로 안고 산 여자의 절규를 들으며… 첫사랑의 상흔들이 부메랑이 되어 날아오고, 현재 함께 살고 있는 남편이 과거에 자신의 순결을 무참하게 짓밟았던 성폭행범이..",,0,0,0,https://twitter.com/mykorea01/status/1520694612985520129
70,2022-05-01 10:20:23,Sunday,"중국을 정확하게 판단하고 보자 https://mykyungjin.tistory.com/331 건국 70년 중국을 읽다 #중국 #외교 #정치 #G2 #시진핑 #핑퐁외교 #책 #책추천 #희망도서 #추천도서 #북 #북스타그램 #책읽기 #독서 #도서관
mykyungjin.tistory.com
중국 발전과 변화! 건국 70년을 읽다
건국 70년 중국을 읽다 국제사회에서 G2의 지위에 올라와 있는 중국은 2019년이 건국된 지 70년이 되는 해다. 이 책에서는 중국 건국 70년 간의 주요 역사를 살펴보고, 사회와 경제통상..",,0,0,0,https://twitter.com/mykorea01/status/1520709712937091072
71,2022-05-01 23:15:23,Sunday,세상을 조금 삐딱하게 보아라. 하지만 미래를 비관하지 말다. 미래는 꿈꾸는 대로 온다. https://smartstore.naver.com/kyungjinpub/products/5665295766… #책 #책추천 #책읽기 #북카페 #독서모임,,0,0,0,https://twitter.com/mykorea01/status/1520904748677070848
72,2022-05-01 09:10:23,Sunday,"훈민정음에서 신미를 보다 https://mykyungjin.tistory.com/335 #훈민정음 #비밀코드 #신미대사 #불교 #한글 #속리산 #세종 #책 #책추천 #희망도서 #추천도서 #북스타그램 #북 #독서 #책읽기
mykyungjin.tistory.com
훈민정음 비밀코드와 신미대사(최시선 지음)
과연 훈민정음은 어떻게 탄생했을까? (영화 <나랏말싸미> 그 후) 저자는 수필작가이자 현직 고등학교 교장이다. 2019년 영화 <나랏말싸미>를 보고 의문이 폭발하여, 단번에 수십 권의 책을 사고..",,0,0,0,https://twitter.com/mykorea01/status/1520692097107390464
73,2022-05-01 09:05:23,Sunday,"성폭행 당한 것을 운명으로 안고 산 한 여성의 절규 https://mykyungjin.tistory.com/337 #박민형 #장편소설 #달콤한이별 #막장 #막장드라마 #첫사랑 #성폭행 #성폭력 #결혼 #치유 #북 #북스타그램 #책 #책추천 #도서
mykyungjin.tistory.com
달콤한 이별(박민형 장편소설)
성폭행 당한 것을 운명으로 안고 산 여자의 절규를 들으며… 첫사랑의 상흔들이 부메랑이 되어 날아오고, 현재 함께 살고 있는 남편이 과거에 자신의 순결을 무참하게 짓밟았던 성폭행범이..",,0,0,0,https://twitter.com/mykorea01/status/1520690838535565313
74,2022-05-02 09:48:43,Monday,"오늘은 컬러를 사랑하시는 여러분께 오랜만에 책 한권을 추천해드릴까 해요!

제임스 폭스 저 [컬러의 시간] 입니다. 책의 부제처럼 언제나 우리의 곁에는 색이 있었죠. 이번 [녹색의 주인] 프로젝트 스토리를 작성하는데도 이 책의 많은 도움을 받았습니다.
1
68
59",🌖,1,68,59,https://twitter.com/NSU_FP/status/1521064131566399488
75,2022-05-02 03:11:38,Monday,"요즘 친구 추천으로 책 읽는데 재밌당…
그래서 인물들 그려보는중… 고치고 완성하면 제대로 올려야지..아직 다 안읽어서 참고 못한 설명이 많은듯. 머리색이나 그런거.
1
5
20",,1,5,20,https://twitter.com/marlin_art/status/1520964201740914688
76,2022-05-02 05:15:00,Monday,"~~ 민음사 북클럽 도착
추천책 세권 다 민음사 유튭에서 영업당해서 ㅎㅎ 궁금해 지금 읽는거 끝내고 곧장 시작해야지
1
8",,0,1,8,https://twitter.com/seo__425/status/1520995247542611968
77,2022-05-02 16:22:05,Monday,"책 추천 고마워요 꼭 읽어볼게요
다음 미디어는 민감한 콘텐츠를 포함할 수 있습니다. 설정 변경
보기
1",☘,0,0,1,https://twitter.com/me_of_mo/status/1521163124535021568
78,2022-05-02 11:16:16,Monday,"""온가족 책 추천""이라니
트윗 인용하기
한국출판문화산업진흥원
@kpipaorkr
 · 5월 2일
게다가 5월은 무려 가정의달 이잖아요? 
온가족을 위한 추천도서도 발빠르게 준비했다 이 말입니다(ﾉ◕ヮ◕)ﾉ*:･ﾟ✧
 5월 #책나눔위원회_추천도서 #온가족_추천도서  추천사 전문은 요기로 https://readin.or.kr/home/bbs/20049/bbsPostList.do…
1
2
12",❤ ❤ 👉,1,2,12,https://twitter.com/pekincultura/status/1521086161761955841
79,2022-05-02 23:10:24,Monday,"퇴근 후 아마존 -최우석 대표저자 친필싸인 (창업을 꿈꾸는 미래의 글로벌 전문인을 위한 실전 전략서) 아마존의 창업 과정을 쉽게 풀어낸 마케팅서

자세히 보기↓↓
https://link.coupang.com/a/mGZQd

이 포스팅은 쿠팡 파트너스 활동의 일환으로, 이에 따른 일정액의 수수료를 제공받습니다.
#책추천
1",⬇,0,0,1,https://twitter.com/SongLee26458574/status/1521265882223484928
80,2022-05-02 10:52:12,Monday,"[제 4과] 구약과 신약의 봉한 책과 계시
https://youtu.be/ltz2U4WssJ8
무료성경공부신청 http://bit.ly/2nPsxMo
추천인번호:38633
#중등과정 #전세계최초 #2022년 #신천지_온라인세미나 #구약_신약 #증거 #천국비밀
1
1",💠 💠,0,1,1,https://twitter.com/hyunkyeongum/status/1521080108240441345
81,2022-05-02 08:47:46,Monday,"책 읽을거 추천 해주실분,,?
2
2",,2,0,2,https://twitter.com/peda_05/status/1521048792619175936
82,2022-05-02 05:39:00,Monday,"생각보다 책 안 읽고 영화 안 보는 사람이라 누가 추천해달라구 하면 추천 했던 거 또 하고 또 하고•••
4",,0,0,4,https://twitter.com/dieeyear/status/1521001289320382464
83,2022-05-02 04:53:05,Monday,"노르카프 4부부터 외전까지는 메인 bgm으로 이걸 들으시길 추천합니다...!! ♡ 나중에 웹 공개할 때도 첨부할 예정이지만 실물 책으로 읽어 주시는 분들께 미리 추천 추천!! 3부까지 bgm으로 넣었던 곡이랑 동일한 아티스트의 피아노곡이에요 (사실제가좋아함)
youtube.com
Niǎo (Bonus Track)
Provided to YouTube by Believe SASNiǎo (Bonus Track) · sonicbrat · Darren NgMurmurations℗ KITCHEN. LABELReleased on: 2016-11-28Auto-generated by YouTube.
3
10",,0,3,10,https://twitter.com/rmznzas/status/1520989732276436993
84,2022-05-02 21:16:02,Monday,"너무 외로워서 레즈비언 업소에 간 리포트 -- 수업 너무 지루해서 추천 뜬 책 충동구매
트윗 인용하기
さん座
@hakonokaabi
 · 5월 3일
앟님 뭔 만화책 보세요
1
2",,1,0,2,https://twitter.com/AhiMadeSadamgye/status/1521237098950545408
85,2022-05-02 08:02:19,Monday," ☆트위터 교류해시 추천☆
──────────────────
소나무님은 #마음한_트친에게_책_펼쳐서_아무_문장_써준다 ♪
https://gaeyou.com/t/?262901
5
5",🐮,5,0,5,https://twitter.com/pine_tree___/status/1521037355632705536
86,2022-05-02 23:54:11,Monday,"독서클럽 같은 거 만들고 싶어  달에 한 권 필독서 걸어놓고 정해진 날에 감상 나누기... 그냥 요즘 책 읽는 친구랑 책 겹칠 때마다 이것저것 감상 얘기하는데 너무 좋아가지구. 각자 자기 추천 도서 하나씩 들고 와서 매달 바꿔가며 읽으면⋯⋯.
9",🙄 💦,0,0,9,https://twitter.com/claquervent/status/1521276898701053952
87,2022-05-02 13:51:05,Monday,"아무말 고민상담 영화 책 추천 기타 등등 가능
pushoong.com
설 - 푸슝 ASK | 인싸 놀이터, 푸슝
안녕 나의 비단물고기
1
1",,1,0,1,https://twitter.com/dieeyear/status/1521125124585684992
88,2022-05-02 05:34:14,Monday,"도서관 갈건데 책 추천 받아요...
여성 작가였으면 합니당~~
2
2",,2,0,2,https://twitter.com/cute55ri/status/1521000089048682497
89,2022-05-02 07:11:10,Monday,"BCF NFT, could you recommend any design book for me?
Nft 때문에 디자인 책 추천 해주실 수 있나요?",,0,0,0,https://twitter.com/alexina_creator/status/1521024483229806592
90,2022-05-02 09:08:20,Monday,"…책 추천은 항상 좋아, 하지만… (뜸 들이면서 잠시 고민하다가) 최근에 재밌는 책을 못 읽어서 난 추천을 못 해줄 수도 있겠어… 그리고 이번엔 독후감이 많이 늦어질지도 몰라.",,0,0,0,https://twitter.com/im_4OUR_Caleb/status/1521053966771097600
91,2022-05-02 11:53:47,Monday," ☆트위터 교류해시 추천☆
──────────────────
나가님은 #마음한_트친에게_책_펼쳐서_아무_문장_써준다 ♪
https://gaeyou.com/t/?262901
9
9",🐍,9,0,9,https://twitter.com/naga_1021_/status/1521095604973498368
92,2022-05-02 00:01:54,Monday,기차에서 읽을 만한 책 추천받고 있다. 허술한 걸 권했다간 가만 두지 않아.,,0,0,0,https://twitter.com/RuthvenM/status/1520916455029497856
93,2022-05-02 08:06:31,Monday,"rt한 개발 추천 서적 세권 집에 다 있는데 쌩 주니어인  내가 봐도 정말 좋은 책...
1",,0,0,1,https://twitter.com/RoPepe999/status/1521038413209554944
94,2022-05-02 14:56:11,Monday,"책좀사읽어야됭는데...
추천밪은책개많아서",,0,0,0,https://twitter.com/uwwwna/status/1521141509025796099
95,2022-05-02 19:59:20,Monday,"좋아하는 책은 없는데, 그래서 추천받고 싶었어.",,0,0,0,https://twitter.com/Koi_Ai_Ski_Eon/status/1521217798931898368
96,2022-05-02 11:14:23,Monday,편한드로즈 스핀스틱스 반소매패딩 남자반폴라 와후키커 립글로스공병 경제책추천 남성멜빵 컴퓨터보관함 유통회사로고 옥상에폭시 영재캠프 동묘 중국대학진학 세종공구상가 최신법령 유성네임펜 로봇랩핑기,,0,0,0,https://twitter.com/domainxx722/status/1521085690473508866
97,2022-05-02 23:07:36,Monday,"하루 5분 습관 수업:의지가 약해도 할 수 있는 아주 작은 습관 만들기

인기 자기계발서: 습관 만들기

자세히 보기↓↓
https://link.coupang.com/a/mGZEi

이 포스팅은 쿠팡 파트너스 활동의 일환으로, 이에 따른 일정액의 수수료를 제공받습니다.
#베스트셀러 #도서추천 #책추천 #자기계발",🌟 ⬇,0,0,0,https://twitter.com/SongLee26458574/status/1521265176846417920
98,2022-05-02 02:51:48,Monday,"경제 유튜버 추천 : 책 볼 시간도 없다면? 일단 영상부터! | 카카오 뷰
view.kakao.com
경제 유튜버 추천 : 책 볼 시간도 없다면? 일단 영상부터!
경제 유튜버 추천 : 책 볼 시간도 없다면? 일단 영상부터!",,0,0,0,https://twitter.com/chigomchi/status/1520959212180078592
99,2022-05-02 15:34:14,Monday,"민음패밀리할인주간에 위시리스트 책 쟁이기 좋아요 민음사 북클럽 추천~~~
1",,0,0,1,https://twitter.com/givemehallmark/status/1521151082092982272
100,2022-05-02 07:33:47,Monday,"책 추천 ٩(ˊᗜˋ*)و .ᐟ
4",,0,0,4,https://twitter.com/thxmyblue/status/1521030175974121474
101,2022-05-02 05:41:45,Monday,"누구나 망설이지 말걸, 시도해볼걸, 하는 후회가 있다. 
그런 후회의 연속 안에서 지쳐가고 쓰러져가는 것은 
그 누구도 아닌 자기 자신이다. 
#인생글 #인생책 #삶 #에세이책 #추천도서 #책선물 #책소개 #책추천
2",,0,0,2,https://twitter.com/crescent7733/status/1521001979287580672
102,2022-05-02 13:10:09,Monday,"이 책, 다양한 자격증에 대해 자세히 실려있다고 선생님에게 추천 받았거든….",,0,0,0,https://twitter.com/yukiko_krbot/status/1521114824192966656
103,2022-05-02 02:20:25,Monday,"선생님도 몰래보는 어린이 인도베다수학 hk**4- (배송) 빨라요, (재미) 재밌어요, (추천여부) 추천해요 웹툰에 관심 많은 아들이 소장하고 싶은 책이라며
kyobobook.co.kr
인도 베다수학 - 교보문고
서울대생의 수학 공부 비법은 바로 이것!사칙연산의 기본부터 인도의 놀라운 수학 세계까지 이 한 권에 담았다!다시금 인도식 수학이 각광을 받고 있다. 가장 ‘핫’한 프로그램인 MBC ‘마리텔’, tvN ‘뇌섹시대-문제적 남자’에 출연한 서울대 출신, 멘사회원 여배우가 베... 『선생님도 몰래 보는 어린이 인도베다수학』은 덧셈부터 시작해서 복잡한 계산에...",,0,0,0,https://twitter.com/argo9box/status/1520951310782464000
104,2022-05-02 09:36:15,Monday," ☆트위터 교류해시 추천☆
──────────────────
코즌님은 #마음한_트친에게_책_펼쳐서_아무_문장_써준다 ♪
https://gaeyou.com/t/?262901

오 이것두 해볼래 집에 책이 몇 개 없(ㅋㅋ)지만… 암튼 맘찍하구 가봐!!",✨ 🐑,0,0,0,https://twitter.com/qozn_04/status/1521060994742906880
105,2022-05-02 23:09:09,Monday,"주식투자 절대원칙:대한민국 투자자 주식농부의

자세히 보기↓↓
https://link.coupang.com/a/mGZLw

이 포스팅은 쿠팡 파트너스 활동의 일환으로, 이에 따른 일정액의 수수료를 제공받습니다.
#주식정보 #주식공부 #주식자료 #주식책 #인기주식 #주식 #경제적자유 #주식투자 #책추천",⬇,0,0,0,https://twitter.com/SongLee26458574/status/1521265567461945344
106,2022-05-02 07:45:20,Monday,데리구 대구의수 에어그리퍼 재미있는선물 분당바리스타 프라모델 능포초 안양LG 사과미음 렌트카모닝 영어토익책 1톤윙 도왔던 냉장고주문 결정서 불문학 충격완화포장 데크추천,,0,0,0,https://twitter.com/saltbenr/status/1521033079799922688
107,2022-05-02 10:18:10,Monday,"‘내가 틀릴 수도 있습니다’ 문장에서 인생 지혜를 배웁니다 : 책 속 짧고 좋은글귀, 짧은 명언 추천 (출처 : 자기의 이.. | 블로그)
m.blog.naver.com
‘내가 틀릴 수도 있습니다’ 책 속 짧고 좋은글귀, 좋은 인간관계 명언 모음 : 짧은 인생 명언 책 추천
01 ‘내가 틀릴 수도 있습니다 I May Be Wrong’ 책을 읽다가 / 자기의 이유로 살아라 비욘 나티코 린...",,0,0,0,https://twitter.com/asdfvb34/status/1521071540682461184
108,2022-05-02 04:33:06,Monday,천재지변보험 청소년치마 남자발찌 코엔자임큐텐 안타민 정력운동 마케팅책 헵시바시공 산본점제거 잇슬림쉐이크 쇼핑카트추천 앞은 동엘보 연노랑 분수대노즐 캔버스화추천 고일 틱장애증상,,0,0,0,https://twitter.com/otasu_oyui/status/1520984703935074304
109,2022-05-02 09:21:48,Monday," ☆트위터 교류해시 추천☆
──────────────────
샤랄님은 #마음한_트친에게_책_펼쳐서_아무_문장_써준다 ♪
https://gaeyou.com/t/?262901
5
11",♥ 🐽,5,0,11,https://twitter.com/syalala15672800/status/1521057359103422464
110,2022-05-02 23:23:15,Monday,"강방천&존리와 함께하는 나의 첫 주식 교과서:기본부터 제대로 배우는 평생 투자의 원칙

자세히 보기↓↓
https://link.coupang.com/a/mG0FE

이 포스팅은 쿠팡 파트너스 활동의 일환으로, 이에 따른 일정액의 수수료를 제공받습니다.
#주식정보 #주식공부 #주식자료 #주식책 #주식투자
#존리 #책추천",⬇,0,0,0,https://twitter.com/SongLee26458574/status/1521269114249297920
111,2022-05-02 23:21:50,Monday,"엄마의 주식 공부:생활비 100만 원으로 시작해 자산 20억 원이 되기까지

자세히 보기↓↓
https://link.coupang.com/a/mG0BN

이 포스팅은 쿠팡 파트너스 활동의 일환으로, 이에 따른 일정액의 수수료를 제공받습니다.
#주식정보 #주식공부 #주식자료 #주식책 #인기주식 #주식 #경제적자유 #주식투자 #책추천",⬇,0,0,0,https://twitter.com/SongLee26458574/status/1521268756470992897
112,2022-05-02 11:16:58,Monday,"모두의 익명 질문을 모집 중!

최근 답변한 질문
● are you upset t…
● all the best in…
● are you okay?? …
● 영어책 추천타래 너무너무 좋…
#질문상자 #익명질문모집중
peing.net
익명들을 버려!우엉 공부계 질문 상자입니다
현재의 노력이 미래의 성공과 정비례한다는 것은 특권인 동시에 숙명이다",,0,0,0,https://twitter.com/glory_to_me_/status/1521086340443832320
113,2022-05-02 09:15:11,Monday,"모두의 익명 질문을 모집 중!

최근 답변한 질문
● 머리띠 너무 잘 어울려 블로…
● 웅니 책 추천 해주세요 소설…
● 개웃기네 나만 염탐한다 …
● 끔님 학교 수업도 빈티지룩으…
#질문상자 #익명질문모집중
peing.net
익명들을 버려!끔이에요 질문 상자입니다
살고있어!",,0,0,0,https://twitter.com/ttakkem/status/1521055692274409473
114,2022-05-02 10:33:38,Monday,"책읽고 기록하기 좋네요 
'구의 증명' 읽어보지 않았어요!
장바구니에 담았습니당 :)
문장들이 다 좋다니 완전 기대돼요 
추천 감사하구, 종종 제가 읽는 책들도 공유할게요!!
peing.net
랄라의 질문함입니다
질문/답변은 여기
1
2",💜 💚 💜 😘 💜,1,0,2,https://twitter.com/meonVI/status/1521075436188745728
115,2022-05-02 01:52:49,Monday,"#김연희기자 #김연희 #시사IN #시사인 #기자  
[기자의 추천 책] 사랑하니까, 달리 보이더라 
https://bit.ly/3JZfNt3 

#미디어 #사회
sisain.co.kr
[기자의 추천 책] 사랑하니까, 달리 보이더라 - 시사IN
저자 홍은전은 〈비마이너〉 연재 글에서 자신이 해온 일을 설명할 때 겪게 되는 어려움에 대해 썼다. 13년간 노들장애인야학에서 교사로 일했던 그에게 사람들은 묻는다. “그런 일의 기쁨이 무엇인가요?” 스스...",,0,0,0,https://twitter.com/LIFE_CORD/status/1520944368563064832
116,2022-05-02 05:42:17,Monday,"세상을 조금 삐딱하게 보아라.
하지만 미래를 비관하지 말자.
미래는 꿈꾸는 대로 온다.

https://mykyungjin.tistory.com/361

#책추천 #책읽기 #북카페 #독서모임 #추천도서 #도서관 #독서 #필독서
mykyungjin.tistory.com
미래는 꿈꾸는 대로 온다(윤정용 문화에세이, 세상과소통하는지혜 003, 예서 발행)
세상을 조금 삐딱하게 보아라. 하지만 미래를 비관하지 말자. 미래는 꿈꾸는 대로 온다. 이 책은 총 30개 꼭지로 구성되어 있으며, 문화비평집 또는 문화평론집이다. 각기 다른 책과 영화에 ..",,0,0,0,https://twitter.com/mykorea01/status/1521002114147024896
117,2022-05-02 01:42:20,Monday,"웹을 기반으로 삼는 문화 현상, 웹툰에 관심 있는 고전문학 전공자들이 기획한 책
https://mykyungjin.tistory.com/359

#웹툰 #고전서사 #스토리텔링
#책 #책추천 #책읽기 #도서관 #추천도서 #희망도서 #독서 #북리뷰
mykyungjin.tistory.com
고전서사와 웹툰 스토리텔링
웹을 기반으로 삼는 문화 현상, 웹툰에 관심 있는 고전문학 전공자들이 기획한 책 이 책은 ‘웹을 기반으로 삼는 문화 현상’, 특히 웹툰에 관심을 지닌 ‘고전(서사)문학 전공자’들이 모여서..",,0,0,0,https://twitter.com/mykorea01/status/1520941728748163072
118,2022-05-02 11:20:23,Monday,"이인칭서사로 펼쳐낸 삶의 모습들  http://m.mdilbo.com/detail/K4YzjP/655147…  이미란 교수 새 소설집 <너의 경우> 출간  #좋아요 #공유 #책추천 #추천도서 #소설 #너의경우 #당신 #일박이일 #1박2일 #진실 #거짓말
m.mdilbo.com
이인칭 서사로 펼쳐낸 삶의 모습들
소설가 이미란씨가 새 소설집 '너의 경우'(예서刊)를 펴냈다.이번 소설집에는 아직도 많은 독자들에게 낯설게 느껴지는 이인칭 단편소설 5편이 수록",,0,0,0,https://twitter.com/mykorea01/status/1521087198958784512
119,2022-05-02 23:00:24,Monday,"문장 속에서 엇박자로 출렁대는 산문집 #필멸하는인간의덧없는방식으로 #박세현산문집 https://mykyungjin.tistory.com/379  #변방일기 #이야기 #글쓰기 #고백 #한국문단 #좋아요 #댓글 #공유 부탁해요 #추천 #책 #책소개 #책읽
mykyungjin.tistory.com
필멸하는 인간의 덧없는 방식으로(박세현 산문집)
문장 속에서 엇박자로 출렁대는 산문집 ≪필멸하는 인간의 덧없는 방식으로≫는 시인 박세현의 산문집이다. 목차가 없는 일기체로 쓰여진 산문이다. 고백적이면서 시적이고, 자유로우면서 도발적이다..",,0,0,0,https://twitter.com/mykorea01/status/1521263363594276864
120,2022-05-02 23:24:44,Monday,"부자들은 이런 주식을 삽니다:861% 수익을 올린 젊은 투자자 김현준의 실전 투자법

자세히 보기↓↓
https://link.coupang.com/a/mG0Ke

이 포스팅은 쿠팡 파트너스 활동의 일환으로, 이에 따른 일정액의 수수료를 제공받습니다.
#주식정보 #주식공부 #주식자료 #주식책 #인기주식 #주식 #주식투자 #책추천",⬇,0,0,0,https://twitter.com/SongLee26458574/status/1521269487039049728
121,2022-05-02 00:00:19,Monday,"어린이 인도베다수학 (초등학교 선생님도 몰래 보는) pi**o00- (배송) 빨라요, (재미) 재밌어요, (추천여부) 추천해요 웹툰에 관심 많은 아들이 소장하고 싶은 책이라며
kyobobook.co.kr
어린이 인도베다수학 - 교보문고
서울대생의 수학 공부 비법은 바로 이것! 사칙연산의 기본부터 인도의 놀라운 수학 세계까지 이 한 권에 담았다!다시금 인도식 수학이 각광을 받고 있다. 가장 ‘핫’한 프로그램인 MBC ‘마리텔’, tvN ‘뇌섹시대-문제적 남자’에 출연한 서울대 출신, 멘사회원 여배우가 ... 『어린이 인도베다수학』은 덧셈부터 시작해서 복잡한 계산에 이르기까지 차근차근...",,0,0,0,https://twitter.com/oojoonet/status/1520916053765029888
122,2022-05-02 10:35:23,Monday,"고전서사의 재해석과 현대적 스토리텔링 고민, 고전서사를 소재로 한 웹툰 스토리텔링 https://mykyungjin.tistory.com/359 #웹툰 #고전서사 #스토리텔링 #책 #책추천 #책읽기 #도서관 #추천도서 #희망도서 #독서 #북리뷰
mykyungjin.tistory.com
고전서사와 웹툰 스토리텔링
웹을 기반으로 삼는 문화 현상, 웹툰에 관심 있는 고전문학 전공자들이 기획한 책 이 책은 ‘웹을 기반으로 삼는 문화 현상’, 특히 웹툰에 관심을 지닌 ‘고전(서사)문학 전공자’들이 모여서..",,0,0,0,https://twitter.com/mykorea01/status/1521075876515188736
123,2022-05-02 09:45:23,Monday,"조선왕조실록에서 훈민정음과 신미를 보다 https://mykyungjin.tistory.com/335 #훈민정음 #신미대사 #불교 #한글날 #한글 #조선왕조실록 #비밀코드 #속리산 #세종 #책 #책추천 #북 #북스타그램 #도서
mykyungjin.tistory.com
훈민정음 비밀코드와 신미대사(최시선 지음)
과연 훈민정음은 어떻게 탄생했을까? (영화 <나랏말싸미> 그 후) 저자는 수필작가이자 현직 고등학교 교장이다. 2019년 영화 <나랏말싸미>를 보고 의문이 폭발하여, 단번에 수십 권의 책을 사고..",,0,0,0,https://twitter.com/mykorea01/status/1521063292080246785
124,2022-05-02 04:42:22,Monday,"국제무역사, 관세사 등 각종 고시를 준비하고 있는 수험생을 위한 지침서

https://mykyungjin.tistory.com/360

#무역 #수험생
#필독서 #책소개 #책추천 #도서 #추천 #독서 #도서관 #희망도서
mykyungjin.tistory.com
스마트 국제무역실무(강민효 지음)
무역업을 창업하고자 하는 개인이나 기업의 실무진을 위한 지침서 국제무역사, 관세사 등 각종 고시를 준비하고 있는 수험생을 위한 지침서 이 책이 가지는 의의와 가치는 필자가 실전에서 배운 무역 지..",,0,0,0,https://twitter.com/mykorea01/status/1520987036915621888
125,2022-05-02 22:42:16,Monday,"김종삼 시인 탄생 100주기(2021년) 헌정 시집

https://mykyungjin.tistory.com/378

#김종삼을생각하다
#헌정
#김종삼
#헌정시집
#좋아요 #댓글 #공유 부탁해요
#추천 #추천도서 #북카페
#책소개 #책읽기
mykyungjin.tistory.com
김종삼을 생각하다(강세환 시집, 예서 발행)
김종삼 시인을 위한 헌정 시집 강세환 시인의 열 번째 시집 ≪김종삼을 생각하다≫가 ‘예서의시 19’로 출간되었다. 이 시집은 처음부터 끝까지 ‘김종삼과 김종삼 생각과 김종삼과 관련된 시..",,0,0,0,https://twitter.com/mykorea01/status/1521258801453670400
126,2022-05-02 03:45:23,Monday,"두 발을 못 뻗는 이 땅이 애달파 (항일 민족시인 이상화의 문학과 삶)  https://mykyungjin.tistory.com/375  #이상화 #대구 #빼앗긴들에도봄은오는가 #항일민족시인 #나의침실로 #마돈나 #좋아요 #공유 #댓글 #북카페 #추천
mykyungjin.tistory.com
두 발을 못 뻗는 이 땅이 애달파: 항일 민족시인 이상화의 문학과 삶(이상규 지음)
그 적막하던 달구벌을 울린 메아리 생전에 시집 한 권도 남겨놓지 않고 광복을 눈앞에 둔 어느 날 훌쩍 떠난 이상화 시인, 이 책은 오랜 시간 그를 탐색해 온 이상규 교수(경북대 명예교..",,0,0,0,https://twitter.com/mykorea01/status/1520972696372531200
127,2022-05-02 12:03:41,Monday,"#우주라이크소설 #우주대존잼 #리디 #책추천
ridibooks.com
이상한 목랑 이야기
<이상한 목랑 이야기> 곽재식-구전 동요와 현대의 판타지가 어우러진 드라마-목랑을 불러낼 수 있는 능력자, 그가 카지노에 들어오게 된 사연-망마다승슬어이라, 함께 주문을 외워봐요남자는 중학교 3학년 때, 남자는 어머니로부터 자신이 ‘도깨비방’의 능력을 가지고 있다는 이야기와 더불어 대대로 전해져 내려오는 중요한...",,0,0,0,https://twitter.com/peulogsi1/status/1521098094665863168
128,2022-05-02 23:18:22,Monday,"첫 주식 투자 공부:차트가 보이고 종목이 읽히는

자세히 보기↓↓
https://link.coupang.com/a/mG0l4

이 포스팅은 쿠팡 파트너스 활동의 일환으로, 이에 따른 일정액의 수수료를 제공받습니다.
#주식정보 #주식공부 #주식자료 #주식책 #인기주식 #주식 #경제적자유 #주식투자 #책추천",⬇,0,0,0,https://twitter.com/SongLee26458574/status/1521267885263704064
129,2022-05-02 14:00:22,Monday,"어린이 인도베다수학 (초등학교 선생님도 몰래 보는) pi**o00- (배송) 빨라요, (재미) 재밌어요, (추천여부) 추천해요 웹툰에 관심 많은 아들이 소장하고 싶은 책이라며
kyobobook.co.kr
어린이 인도베다수학 - 교보문고
서울대생의 수학 공부 비법은 바로 이것! 사칙연산의 기본부터 인도의 놀라운 수학 세계까지 이 한 권에 담았다!다시금 인도식 수학이 각광을 받고 있다. 가장 ‘핫’한 프로그램인 MBC ‘마리텔’, tvN ‘뇌섹시대-문제적 남자’에 출연한 서울대 출신, 멘사회원 여배우가 ... 『어린이 인도베다수학』은 덧셈부터 시작해서 복잡한 계산에 이르기까지 차근차근...",,0,0,0,https://twitter.com/spectrumbooks/status/1521127460728827906
130,2022-05-02 08:36:03,Monday,"오늘 '책의 첫 줄'은 최근 일본 출판계를 휩쓸며 K문학의 저력을 보여준 #손원평 작가의 《#서른의반격》 속 첫 문장입니다. 

#책 #책추천 #좋은문장 #첫문장 #첫줄 #서른 
#청춘 #반란 #서사 #장편소설 #한국문학 #문학 
#은행나무출판사
2
1",,0,2,1,https://twitter.com/ehbook/status/1521045845730537473
131,2022-05-02 09:15:24,Monday,"교과서 속 재미난 동서양 고전이 쏙쏙! #생각하는힘을기르는동화스토리텔링 https://mykyungjin.tistory.com/333 #동화 #초등교사 #초등학생 #책 #책추천 #북 #북스타그램 #도서 #학생 #부모 #맘
mykyungjin.tistory.com
생각하는 힘을 기르는 동화 스토리텔링(이명현 유형동 윤이나)
교과서 속 재미난 동서양 고전이 쏙쏙! 생각하는 힘을 기르는 동화 스토리텔링 [ 책 소개 ] 󰋯우리나라와 외국의 20가지 이야기 수록 창세가/은혜 갚은 까치/알라딘과 요술램프/도깨비 방망이/반쪽이/태국에서..",,0,0,0,https://twitter.com/mykorea01/status/1521055744581566465
132,2022-05-02 00:12:27,Monday,"이 책은 비판적 담화 연구의 최신 이론과 방법론을 이해하기 쉽게 지시하고 연습할 수 있도록 해준다.
https://mykyungjin.tistory.com/358

#책 #책추천 #북 #북스타그램
#교육
#담화
#워닥
#메이어
#학술
#번역서
#비판적담화연구
mykyungjin.tistory.com
비판적 담화 연구의 방법들(Methods of Critical Discourse Studies)_거시언어학12 담화 텍스트 화용 연구
비판적 담화 연구에서 나타나는 문제점과 한계를 극복하는 데 큰 도움이 될 것 이 책은 Ruth Wodak과 Michael Meyer가 함께 엮은  제3판(2016, SAGE)을 번역한 것이다. 이 책은 무엇보다도 ..",,0,0,0,https://twitter.com/mykorea01/status/1520919107260280832
133,2022-05-02 09:55:23,Monday,"성폭행 당한 것을 운명으로 안고 산 한 여성의 절규 https://mykyungjin.tistory.com/337 #박민형 #장편소설 #달콤한이별 #막장 #막장드라마 #첫사랑 #성폭행 #성폭력 #결혼 #치유 #북 #북스타그램 #책 #책추천 #도서
mykyungjin.tistory.com
달콤한 이별(박민형 장편소설)
성폭행 당한 것을 운명으로 안고 산 여자의 절규를 들으며… 첫사랑의 상흔들이 부메랑이 되어 날아오고, 현재 함께 살고 있는 남편이 과거에 자신의 순결을 무참하게 짓밟았던 성폭행범이..",,0,0,0,https://twitter.com/mykorea01/status/1521065808667222016
134,2022-05-02 10:20:23,Monday,"국제무역사, 관세사 등 각종 고시를 준비하고 있는 수험생을 위한 지침서  https://mykyungjin.tistory.com/360  #무역 #수험생 #필독서 #책소개 #책추천 #도서 #추천 #독서 #도서관 #희망도서
mykyungjin.tistory.com
스마트 국제무역실무(강민효 지음)
무역업을 창업하고자 하는 개인이나 기업의 실무진을 위한 지침서 국제무역사, 관세사 등 각종 고시를 준비하고 있는 수험생을 위한 지침서 이 책이 가지는 의의와 가치는 필자가 실전에서 배운 무역 지..",,0,0,0,https://twitter.com/mykorea01/status/1521072099498283009
135,2022-05-02 11:50:23,Monday,"김종삼 시인 탄생 100주기(2021년) 헌정 시집  https://mykyungjin.tistory.com/378  #김종삼을생각하다 #헌정 #김종삼 #헌정시집 #좋아요 #댓글 #공유 부탁해요 #추천 #추천도서 #북카페 #책소개 #책읽기
mykyungjin.tistory.com
김종삼을 생각하다(강세환 시집, 예서 발행)
김종삼 시인을 위한 헌정 시집 강세환 시인의 열 번째 시집 ≪김종삼을 생각하다≫가 ‘예서의시 19’로 출간되었다. 이 시집은 처음부터 끝까지 ‘김종삼과 김종삼 생각과 김종삼과 관련된 시..",,0,0,0,https://twitter.com/mykorea01/status/1521094751235182596
136,2022-05-02 23:20:34,Monday,"소수몽키의 한 권으로 끝내는 미국주식 + 미국 배당주 투자

자세히 보기↓↓
https://link.coupang.com/a/mG0vM

이 포스팅은 쿠팡 파트너스 활동의 일환으로, 이에 따른 일정액의 수수료를 제공받습니다.
#주식정보 #주식공부 #주식자료 #주식책 #인기주식 #주식 #미국주식 #주식투자
#베스트셀러 #책추천",⬇,0,0,0,https://twitter.com/SongLee26458574/status/1521268441768161280
137,2022-05-02 20:42:13,Monday,"이 책은 비판적 담화 연구의 최신 이론과 방법론을 이해하기 쉽게 지시하고 연습할 수 있도록 해준다.
https://mykyungjin.tistory.com/358

#책 #책추천 #북 #북스타그램
#교육
#담화
#워닥
#메이어
#학술
#번역서
#비판적담화연구
mykyungjin.tistory.com
비판적 담화 연구의 방법들(Methods of Critical Discourse Studies)_거시언어학12 담화 텍스트 화용 연구
비판적 담화 연구에서 나타나는 문제점과 한계를 극복하는 데 큰 도움이 될 것 이 책은 Ruth Wodak과 Michael Meyer가 함께 엮은  제3판(2016, SAGE)을 번역한 것이다. 이 책은 무엇보다도 ..",,0,0,0,https://twitter.com/mykorea01/status/1521228590876360706
138,2022-05-02 10:00:24,Monday,"훈민정음에서 신미를 보다 https://mykyungjin.tistory.com/335 #훈민정음 #비밀코드 #신미대사 #불교 #한글 #속리산 #세종 #책 #책추천 #희망도서 #추천도서 #북스타그램 #북 #독서 #책읽기
mykyungjin.tistory.com
훈민정음 비밀코드와 신미대사(최시선 지음)
과연 훈민정음은 어떻게 탄생했을까? (영화 <나랏말싸미> 그 후) 저자는 수필작가이자 현직 고등학교 교장이다. 2019년 영화 <나랏말싸미>를 보고 의문이 폭발하여, 단번에 수십 권의 책을 사고..",,0,0,0,https://twitter.com/mykorea01/status/1521067072725590017
139,2022-05-03 11:18:33,Tuesday,"추천 받은 책이랑 궁금했던 책 샀다 후히히
2
17",,2,0,17,https://twitter.com/vaporizewithme/status/1521449126185271296
140,2022-05-03 12:08:15,Tuesday," 취좆당할만한 스릴러+서스펜스+순정만화 추천 

 <짐승들의 시간~광의존증후군~>

소녀만화 분류 책 찾다가 너무 강렬한 표지보고 ""이게 왜 순정만화에 있지...""하고 호기심에 1권은 웹으로 읽고 2권은 구매했는데 개빻고 너무 재밌다...내용이 너무 충격적이여서 자극받고싶은 성인들만 추천추천
ALT
1
4
4",💗 💗 💀 💀,1,4,4,https://twitter.com/Oneself_is_love/status/1521461634275115008
141,2022-05-03 03:13:48,Tuesday,"소울이한테 책 추천
1
3",,0,1,3,https://twitter.com/toop1ece/status/1521327133536137217
142,2022-05-03 23:54:08,Tuesday,"남준이 추천곡은 매번 셋리에 넣고 듣는데
추천책이랑 운동은 흰 눈동자로 읽고ㅋㅋ
3
12
156",,3,12,156,https://twitter.com/armimonie/status/1521639275439087620
143,2022-05-03 15:40:30,Tuesday,"포레분들책장은 5월6일날 공개된데요.
이거 보니깐 추천도서를 서로 주고 받은걸 인증하고 읽어던 책에 좋았던 문구를 써서 주고 나서 다음사람 지목하고 그다음사람도 자신의 책장속 책을 나눔하는형식으로 릴레이 하는거네요^^ 전 우선 그럼..제일 좋아했던 책로 시작 해야겠네요^^
트윗 인용하기
어덕팬덕
@phantomsinger25
 · 5월 3일
우왕 이벤트이가보다~!! 포레스텔라의 나눔 도서라니!!  당첨확률는 낮지만..도전~!! 안되면 그 책 제목이라도 알아서 한번 읽어봐야겠다~!!헤헤 오래만에 덕분에 필독서 하나 생기겠다..ㅋㅋ
이 스레드 보기
3
5",,0,3,5,https://twitter.com/phantomsinger25/status/1521515047364612103
144,2022-05-03 11:11:01,Tuesday,"쵹쵹이 언니 추천 니혼고 책 사긔
2",❄,0,0,2,https://twitter.com/w1shbitch/status/1521447231907561472
145,2022-05-03 14:14:00,Tuesday,"고문님이추천해준책빌려옴
#유능함_여의도에_심자
이거끝나고자기전에읽어봐야지
#이재명_국회가자
도서추천더많이해주세요
11
11",,0,11,11,https://twitter.com/chdrhddmfdgotj/status/1521493278243409921
146,2022-05-03 10:44:36,Tuesday,"~ 온라인 북클럽 모임원 모집 ~

 책을 좋아하시는 분, 지금부터 책을 좋아하고 싶으신 분
 한달에 한번 이달의 책 북토크(음성채팅) / 게더타운 내 게시판을 이용해 책 추천 등의 활동 가능
 익명성 (친목 가능)

연락 주세요~~
1
3
1",✔ ✔ ✔,1,3,1,https://twitter.com/mmal_eee/status/1521440582543249408
147,2022-05-03 11:14:26,Tuesday,"일단 추천받아서 지름  사기만하고 안본책 좀 있는데.......
1
2",,1,0,2,https://twitter.com/xia7438/status/1521448091550765057
148,2022-05-03 09:43:34,Tuesday,"하 이런 자잘한 거에 집착하면 안되는데 배세 문대한테 어떤 책 추천해줬을지 너무 궁금하다
배세진 항상 상황에 맞는 책 찾아읽는데 ㅋㅋㅋㅋ 착실하게 쉬는 법 이런 거 추천해줬으면 우째하는 마음
3",,0,0,3,https://twitter.com/baesemundae/status/1521425223551135744
149,2022-05-03 06:14:21,Tuesday,"갑자기 써보는 뉴스레터 추천
MAGAZINE B
어거스트
썸원
책-잇 Check-It
trend-lite
stew!
1
1
11",✒,1,1,11,https://twitter.com/igotafeel618/status/1521372569940955136
150,2022-05-03 04:26:38,Tuesday,"노래도 그렇고 책이나 영화 등등 추천해달라거나 가장 좋아하는 걸 묻는 질문이 가장 어렵다. 가장 좋아하는 게 뭔지 모르겄어... 맨날 바뀌는걸...ㅠㅠ 지금 나의 상황에 따라 너무 달라져...
3",,0,0,3,https://twitter.com/I_say_ssaem/status/1521345465014714368
151,2022-05-03 16:57:10,Tuesday,"가볍게 읽을 만한 책 추천 해주실 분
자기계발 / 에세이 / 추리소설 ㄱㅊ해요
일단 밑도 끝도 없이 부자 되라는 내용의 책이나 설정 딥하지 않은 추리소설 이면 됩니다,,,",,0,0,0,https://twitter.com/ll_recording/status/1521534341884653568
152,2022-05-03 03:09:21,Tuesday,"'같지 않다' 와 '다르다' 는 같은 뜻이라 생각되겠지만 다른 뜻이다.
달라서 이별을 했다면 쓰리고 애잔한 마음 따윈 생기지도 않았겠지만 같지가 않아서 이별했기에 잔잔하게 남겨진 것들이 많았다.
#다르다 #에세이 #감성에세이 #사랑 #이별 #글 #글귀 #책추천 #좋은글 #모든순간은사랑이었다
1",,0,0,1,https://twitter.com/crescent7733/status/1521326015481786368
153,2022-05-03 17:36:30,Tuesday,정선공포체험 충주탈모 유럽특허검색 부싱 퓨즈교체 사용후 닥터클라우더 액자보드 디밍주차장등 디지털수온계 좋은책추천 만화빵 산화수 교명판 휴립복토기 퇴로 비닐카바 보흐밀크티,,0,0,0,https://twitter.com/TjKupowr/status/1521544239909601280
154,2022-05-03 09:12:36,Tuesday,"전...이라는 그분 콜바넴을 정말 조아하시나봐 왜냐하면 추천도서목록에도. 아니 근데 책으로 읽고도 좋았나요? 하긴 도서목록을 보면은...
1",,0,0,1,https://twitter.com/prunu5_mume/status/1521417428655230976
155,2022-05-03 10:47:27,Tuesday," ☆트위터 교류해시 추천☆
──────────────────
린님은 #마음한_트친에게_책_펼쳐서_아무_문장_써준다 ♪
https://gaeyou.com/t/?262901 
교류합쉬다! 교류!!
앞에 있는 아무 책들로 해보께요! 없펑~
20
22",🐣,20,0,22,https://twitter.com/rini_rin0215/status/1521441299290902528
156,2022-05-03 04:47:51,Tuesday,"영어 원서 동화책 사기 좋은 쇼핑몰 추천 http://wendybook.com http://tongbangbooks.com 광고는 아니고 봇주가 최근에 여기서 영어동화책을 샀는데 저렴하네요! 최저가로 찾아보면 괜찮은 것을 건질수 있어요~~영어 초보자분들은 어린이 책으로 공부해보셔요! #엄마표영어 #영어원서
1
2",,0,1,2,https://twitter.com/lets_study_eng/status/1521350802304278528
157,2022-05-03 03:10:08,Tuesday,"[신간 책추천] 블로그 주인장배 4월 베스트 도서 : 데이터 분석, 시드볼트, 에세이, 위로, 딥러닝, 마음, 인문학, 파이썬, 해외주식, 레오나르도다빈치 관련 도서 책추천 (출처 : Cou's lif.. | 블로그)
m.blog.naver.com
[신간 책추천] 블로그 주인장배 4월 베스트 도서 : 데이터 분석, 시드볼트, 에세이, 위로, 딥러닝, 마음, 인문학, 파이썬, 해외주식, 레오나르도다빈치 관련 도서 책추천
#1분기의끝에서 2022년 1분기가 끝났다. 4개월 동안 나를 거쳐간 54권의 책들을 바라보며, 기업들이 실적을...",,0,0,0,https://twitter.com/kim443212/status/1521326213779795968
158,2022-05-03 10:24:15,Tuesday," ☆트위터 교류해시 추천☆
──────────────────
아해님은 #마음한_트친에게_책_펼쳐서_아무_문장_써준다 ♪
https://gaeyou.com/t/?262901 

간다 탈주 안할겡
5
6",🐝,5,0,6,https://twitter.com/CARAT_AHAE/status/1521435459775508480
159,2022-05-03 05:10:46,Tuesday,"(자칭 EBS봇입니다.) 라디오EBS FM104.5&반디앱 오후 5시부터 6시까지 오디오 천국 [ 1부 한국문학 아카이브 작가의 말 - 소설가 심윤경 https://5easy.ebs.co.kr/aujisik/detail/412035… / 산책하다 산 책: 문화평론가 강유정의 추천책 <안나 카레니나> https://5easy.ebs.co.kr/aujisik/detail/412109… ] 합니다. http://home.ebs.co.kr/5d5heaven/main
1",,1,0,0,https://twitter.com/aeravera/status/1521356571715932160
160,2022-05-03 12:02:05,Tuesday,스트레스를 받았다면 무리하지말고 푹 쉬어주세요. 자기 전 읽을만한 책이라도 추천해드릴까요?,,0,0,0,https://twitter.com/Archive_NIC_/status/1521460081195429888
161,2022-05-03 01:27:28,Tuesday,"책읽는 서울광장 운영안내(서울 데이트 추천)
cucat.tistory.com
책읽는 서울광장 운영안내(서울 데이트 추천)
책읽는 서울광장 운영소식을 안내합니다. 서울광장에서 야외 도서관으로 운영되며, 누구나 서울광장에서 책을 읽을 수 있습니다. 토요일에 멀리 떠나기는 지치고, 바깥바람을 쐬며 여유를 즐기고 싶으신 분들에게..",,0,0,0,https://twitter.com/cucatBlog/status/1521300375105867776
162,2022-05-03 18:59:22,Tuesday,훨라운동화 랩니트 수망로스팅 사라믈 대학강연 희망론 실리콘커버 하금테추천 책체험단 신해공영 성인오일 아크네컬렉션 대박도시락 모델입시 대소페 백전우 파란드레스 사각콘넥터,,0,0,0,https://twitter.com/mkbLjw_5456A/status/1521565094735659008
163,2022-05-03 00:05:46,Tuesday,포스총판 주짓수벨트 두산굴삭기 일산창업 엄마랑베트남 대구원룸가격 고향집식혜 엑스레이실 드레곤몰 고등학교휴학 채밀기 김기만 권인소 성형비용 중고책삽니다 우롱차추천 나노세컨 원흥원룸,,0,0,0,https://twitter.com/otasu_oyui/status/1521279814476627970
164,2022-05-03 04:11:31,Tuesday,겨울케이프 울산상가점포 무기성오니 부숙 리복후드집업 인터넷치킨 다이어리전문 소유즈 마드리 떡포장비닐 목재사다리 케익당일배달 슬릿니트 적립카드추천 하둡책 서현네온사인 강남눈재수술 물집방지,,0,0,0,https://twitter.com/mtbwgqAJe/status/1521341659027734528
165,2022-05-03 22:58:00,Tuesday,교포전화영어 에르제 청수동스피닝 인천상가전문 화일목록 변화율 용접기사책 온궁 깨끗 새싹보리추천 향단 고천초 한체대편입 렉서스핸들 수원셀프웨딩 거실장중고 오토메일 기본면원피스,,0,0,0,https://twitter.com/PssjwXrWSnR/status/1521625148280872961
166,2022-05-03 02:08:05,Tuesday,"그 데생책 괜찮은거 추천 받아요...!!! 저 이번주에 사러 갈건데 잘 몰라가지고.... 아시는 분 알려주세여..
1",,0,1,0,https://twitter.com/Kim_Tite_/status/1521310596184289282
167,2022-05-03 14:48:41,Tuesday,"나텀블벅에서 읽지도않을 이상한책사는 버릇이잇어서 고민임... 최근한달간 점사략결? 대한제국의군복 음반추천집 아르누보스타일 동화책 천사소개록 기호의역사 줄줄이오는데 약간 왜삿냐싶은생각이.... 근데 좀 특이한책펀딩올라오면 사게됨 하아
1
3",,1,0,3,https://twitter.com/na_1in_/status/1521502009228206080
168,2022-05-03 00:18:22,Tuesday,"큰일이다 해강이가 읽을만한 책이 뭐가있을까
책 추천받아요!!!!
1",❄ ❄,1,0,0,https://twitter.com/louissarang/status/1521282986691670016
169,2022-05-03 12:08:21,Tuesday,"혹시 여러분 데생책 뭐사시나여..? 추천추천받아여...!!!
1",,1,0,0,https://twitter.com/Kim_tites_2/status/1521461658786623488
170,2022-05-03 14:12:02,Tuesday,"추천해드리고 싶은 책은 정말 많은데... 아, ""정의란 무엇인가""! 재미있게 읽었던 기억이 나요.",,0,0,0,https://twitter.com/Starry_left_/status/1521492783902900224
171,2022-05-03 03:25:24,Tuesday,"또 같은 얘기긴 한데..
요즘 뭔가 따뜻한 순간이 많아,,,
함수형 같이 공부하자구 책두 오구 
책추천 많이 해주시구,,,행복,,,(아직 추천한 책중에 한권만 느릿하게 읽고 있지만)
1",,1,0,0,https://twitter.com/whis_dev/status/1521330052843339777
172,2022-05-03 15:00:43,Tuesday,"요즘 책을 너무 안 읽어서 독서를 하고 싶은데 책 추천해줄 트친 구합니다…
국내소설 우선취급 장르 불문 웰컴… 외국 소설도 당연 환영이고요 비소설 문학도 비문학도 전부 웰컴땡큐입니다… 추천만 해주면 읽었어요 소리 없이 읽을게요로 화답하는 착한 트친할게요 제발 페르 소원
5
4",🙏 🥺 💙 💙,5,0,4,https://twitter.com/vernifer_aestas/status/1521505036890943489
173,2022-05-03 07:10:11,Tuesday,"이 책, 다양한 자격증에 대해 자세히 실려있다고 선생님에게 추천 받았거든….",,0,0,0,https://twitter.com/yukiko_krbot/status/1521386620850946048
174,2022-05-03 10:01:25,Tuesday,샤넬가방가격 중년의류 저가형소파 알거나 저수위 열전사장비 맛있는한글 프리미엄커피 훔멜 혈당계추천 탄성고무로프 더액션가방 금비꺼 책코스모스 남양약품면접 제로투 휀스클립 인천거주청소,,0,0,0,https://twitter.com/NsMuKzCgfw/status/1521429715533598720
175,2022-05-03 08:15:31,Tuesday,대구파고다 맥북페럴러즈 노영희 상매동 애기사과나무 부탄캔 부단한 봉지끈 캐드책 빈폴맨 앞유리틴팅 영어인강추천 수입베개 컨테이너장비 단학 레진코인 짚업티셔츠 할리팩스,,0,0,0,https://twitter.com/BRQJxsRA/status/1521403064044847104
176,2022-05-03 14:12:14,Tuesday,튀었다 섹스체 마블리조트 공동체훈련 핀홀안경 광교치과추천 포스게이지 신부동 개명후도장 도너랜드 쿠팡채용 타가라 무제한요금제 승강기인터폰 잡지책 대형교구 침대고르기 일본말차,,0,0,0,https://twitter.com/NsMuKzCgfw/status/1521492835178008577
177,2022-05-03 08:53:31,Tuesday," ☆트위터 교류해시 추천☆
──────────────────
쫑님은 #마음한_트친에게_책_펼쳐서_아무_문장_써준다 ♪
https://gaeyou.com/t/?262901
3",😎 🐨,0,0,3,https://twitter.com/jjong320/status/1521412627783581696
178,2022-05-03 10:53:29,Tuesday,"모두의 익명 질문을 모집 중!

최근 답변한 질문
● 안녕하세요~저도용복이좋와하는…
● 뽁프 맘.. 다 똑같았나봐요…
● 아기 뽁프 추천 직캠 알려주…
● 요모님 제가 책을 보다가 말…
#질문상자 #익명질문모집중
peing.net
익명들을 버려!ᰔ 질문 상자입니다
행복이하쟈. 
2",💙,0,0,2,https://twitter.com/felixyomo/status/1521442817306144770
179,2022-05-03 22:53:00,Tuesday,미국지사 타이멕스시계 동요장난감 시댁예단 국가 클러치백추천 아토믹SC 한글놀이게임 적시타 안산경찰체력 민사소송조회 태비 씰리쿡 야나두태블릿 내열패킹 어린이책 탑컷9000 이미지소나,,0,0,0,https://twitter.com/BRQJxsRA/status/1521623892191678464
180,2022-05-03 09:51:19,Tuesday,"모두의 익명 질문을 모집 중!

최근 답변한 질문
● 책 추천 해주실수 있나요?
● 밑에 누가 책추천 해달라고 …
● 혹시 커미션 계정에 올라온 …
● 선생님 저 짤린 것 같아요.…
#질문상자 #익명질문모집중
peing.net
익명들을 버려!트친소찾아왔쉐이김고래 질문 상자입니다
성인/ 자캐 위주/ 이유 없는 선팔 구독 간주/ FUB FREE/ 헤더 동자님 컴션",💙 💛 ☁,0,0,0,https://twitter.com/Kimgorae_040/status/1521427175073026048
181,2022-05-03 03:18:16,Tuesday,"카피본은 인쇄가 아닌 출력을 통해 뽑아낸 책을 가리킵니다. 대개 중철로 만듭니다만, 일정 이상의 페이지라면 본드제본을 추천해드립니다. 으음, 떡제본...이라고 흔히들 말하는 것 같습니다.",,0,0,0,https://twitter.com/Tokiomi_won_bot/status/1521328257307922433
182,2022-05-03 06:40:15,Tuesday,"원고가 있으시다면,
바로 글로벌 전자책+종이책 시장으로
진출하실 수 있게 만들어 드리겠습니다.
원고가 없으신 분들도
집필 이전에 전자책 해외판매의 가능성을
미리 확인해보시는 것 추천드립니다. #책 #독서
kmong.com
글로벌작가가 비용 0원으로 당신의 책을 해외진출 시켜 드립니다. | 15000원부터 시작 가능한 총 평점 4.6점의 투잡·노하우, 투잡·재테크 전자책 서비스 | 프리랜서마켓...
11개 총 작업 개수 완료한 총 평점 4.6점인 해외상품소싱전문의 투잡·노하우, 투잡·재테크 전자책 서비스를 6개의 리뷰와 함께 확인해 보세요. 투잡·노하우, 투잡·재테크 전자책 제공 등 15000원부터 시작 가능한 서비스",,0,0,0,https://twitter.com/xzTbt1XdV9Jf4F7/status/1521379091332894720
183,2022-05-03 12:05:24,Tuesday,"100년 중국을 이끈 지도자 34명과 240년 미국을 이끈 지도자 54명을 만나다 https://mykyungjin.tistory.com/357 #중국 #미국 #시진핑 #바이든 #정치 #대통령 #북 #북스타그램 #책 #책추천 #도서
mykyungjin.tistory.com
G2시대, 중국과 미국을 이끈 지도자들(공봉진 김혜진 지음)
G2시대, 중국과 미국의 지도자들을 소개하다 한 권의 책에 오늘날의 중국과 미국이 세계 G2 지위에 오르기까지 양국의 지도자를 모두 다룬 적이 없어서, 한 권의 책을 통해 양국의 지도자의..",,0,0,0,https://twitter.com/mykorea01/status/1521460916373852160
184,2022-05-03 23:10:24,Tuesday,"이인칭서사로 펼쳐낸 삶의 모습들  http://m.mdilbo.com/detail/K4YzjP/655147…  이미란 교수 새 소설집 <너의 경우> 출간  #좋아요 #공유 #책추천 #추천도서 #소설 #너의경우 #당신 #일박이일 #1박2일 #진실 #거짓말
m.mdilbo.com
이인칭 서사로 펼쳐낸 삶의 모습들
소설가 이미란씨가 새 소설집 '너의 경우'(예서刊)를 펴냈다.이번 소설집에는 아직도 많은 독자들에게 낯설게 느껴지는 이인칭 단편소설 5편이 수록",,0,0,0,https://twitter.com/mykorea01/status/1521628268239421440
185,2022-05-03 10:45:24,Tuesday,"조선왕조실록에서 훈민정음과 신미를 보다 https://mykyungjin.tistory.com/335 #훈민정음 #신미대사 #불교 #한글날 #한글 #조선왕조실록 #비밀코드 #속리산 #세종 #책 #책추천 #북 #북스타그램 #도서
mykyungjin.tistory.com
훈민정음 비밀코드와 신미대사(최시선 지음)
과연 훈민정음은 어떻게 탄생했을까? (영화 <나랏말싸미> 그 후) 저자는 수필작가이자 현직 고등학교 교장이다. 2019년 영화 <나랏말싸미>를 보고 의문이 폭발하여, 단번에 수십 권의 책을 사고..",,0,0,0,https://twitter.com/mykorea01/status/1521440783236493312
186,2022-05-03 11:05:24,Tuesday,"13명의 조선시대 화가와 300여 점의 그림을 만나다_조선이 남긴 그림들 02 https://mykyungjin.tistory.com/343 #윤두서 #정선 #윤덕희 #조지운 #김홍도 #조선 #화가 #그림 #북 #북스타그램 #도서 #책 #책추천
mykyungjin.tistory.com
조선이 남긴 그림들 02: 13명의 조선시대 화가와 300여 점의 그림을 만나다
13명의 조선시대 화가와 300여 점의 그림을 만나다 앞서 발행된 15~17세기 조선시대 화가 25명과 360여 점의 그림을 소개한 <조선이 남긴 그림들 1>을 이은 이번 책 <조선이 남긴 그림들..",,0,0,0,https://twitter.com/mykorea01/status/1521445818427142150
187,2022-05-03 23:50:24,Tuesday,"문장 속에서 엇박자로 출렁대는 산문집 #필멸하는인간의덧없는방식으로 #박세현산문집 https://mykyungjin.tistory.com/379  #변방일기 #이야기 #글쓰기 #고백 #한국문단 #좋아요 #댓글 #공유 부탁해요 #추천 #책 #책소개 #책읽
mykyungjin.tistory.com
필멸하는 인간의 덧없는 방식으로(박세현 산문집)
문장 속에서 엇박자로 출렁대는 산문집 ≪필멸하는 인간의 덧없는 방식으로≫는 시인 박세현의 산문집이다. 목차가 없는 일기체로 쓰여진 산문이다. 고백적이면서 시적이고, 자유로우면서 도발적이다..",,0,0,0,https://twitter.com/mykorea01/status/1521638334552248320
188,2022-05-03 11:10:23,Tuesday,"국제무역사, 관세사 등 각종 고시를 준비하고 있는 수험생을 위한 지침서  https://mykyungjin.tistory.com/360  #무역 #수험생 #필독서 #책소개 #책추천 #도서 #추천 #독서 #도서관 #희망도서
mykyungjin.tistory.com
스마트 국제무역실무(강민효 지음)
무역업을 창업하고자 하는 개인이나 기업의 실무진을 위한 지침서 국제무역사, 관세사 등 각종 고시를 준비하고 있는 수험생을 위한 지침서 이 책이 가지는 의의와 가치는 필자가 실전에서 배운 무역 지..",,0,0,0,https://twitter.com/mykorea01/status/1521447072872148992
189,2022-05-03 11:30:23,Tuesday,"우리 문학사에 손길이 닿지 않고 발품에서 멀어진 문학을 찾아 행복을 나누는 아름다운 사람  https://mykyungjin.tistory.com/363  #지역문학의들숨과날숨 #지역문학 #자원봉사자 #문학 #책추천 #희망도서 #도서관
mykyungjin.tistory.com
지역문학의 들숨과 날숨(지역문학총서29)
문학 연구의 방향과 의미를 올곧게 인식,지역문학의위상과 가치를 올바르게 정립시키고자 하다 지역사회(경남)와 깊은 연고를 가진 작가, 작품, 문학담론에 관한 연구비평서 이 책은 지역 작가들에 대..",,0,0,0,https://twitter.com/mykorea01/status/1521452105089052677
190,2022-05-03 11:20:24,Tuesday,"세상을 조금 삐딱하게 보아라. 하지만 미래를 비관하지 말자. 미래는 꿈꾸는 대로 온다.  https://mykyungjin.tistory.com/361  #책추천 #책읽기 #북카페 #독서모임 #추천도서 #도서관 #독서 #필독서
mykyungjin.tistory.com
미래는 꿈꾸는 대로 온다(윤정용 문화에세이, 세상과소통하는지혜 003, 예서 발행)
세상을 조금 삐딱하게 보아라. 하지만 미래를 비관하지 말자. 미래는 꿈꾸는 대로 온다. 이 책은 총 30개 꼭지로 구성되어 있으며, 문화비평집 또는 문화평론집이다. 각기 다른 책과 영화에 ..",,0,0,0,https://twitter.com/mykorea01/status/1521449591677554692
191,2022-05-03 10:25:25,Tuesday,"사랑의 추억을 안고 홀연히 떠날 것이다 https://mykyungjin.tistory.com/337 #달콤한이별 #막장 #막장드라마 #첫사랑 #성폭행 #성폭력 #결혼 #치유 #책 #책추천 #북 #북스타그램 #도서
mykyungjin.tistory.com
달콤한 이별(박민형 장편소설)
성폭행 당한 것을 운명으로 안고 산 여자의 절규를 들으며… 첫사랑의 상흔들이 부메랑이 되어 날아오고, 현재 함께 살고 있는 남편이 과거에 자신의 순결을 무참하게 짓밟았던 성폭행범이..",,0,0,0,https://twitter.com/mykorea01/status/1521435752974155776
192,2022-05-03 09:05:24,Tuesday,"윤동주 서시 한 편으로 세상이 밝고 아름다워질 것이다. https://mykyungjin.tistory.com/365 #예서의시 #비밀의숫자를누른다 #김태경시집 #책추천 #책소개 #북카페 #책읽기 #독서모임 #도서관 #사랑고백 #비밀번호 #숫자
mykyungjin.tistory.com
비밀의 숫자를 누른다(김태경 시집, 예서의시016
이 푸른 별에서 맺은 인연, 비밀의 숫자 만들어 아내에게 바치다 이 푸른 별에서 맺은 인연을 비밀의 숫자로 만들어 살아온 아내를 위한 시였고, 이는 함께 살아온 아내에게 바치는 헌사요,..",,0,0,0,https://twitter.com/mykorea01/status/1521415617085325312
193,2022-05-03 09:42:18,Tuesday,"페루에 가실래요?
https://mykyungjin.tistory.com/362

#박세현
#산문소설
#시인 #페루 #소설 #책추천 #책읽기 #북카페 #추천도서 #독서 #독서모임 #도서관 #추천도서 #말러 #예서
mykyungjin.tistory.com
페루에 가실래요?(박세현 산문소설)
산문소설 ‘페루에 가실래요?’ ‘페루에 가실래요?’(박세현 산문소설, 2021.06.30, 예서 발행) 12권의 시집과 7권의 산문집을 인쇄한 시인 박세현이 쓴 산문소설이다. 이 소설은(혹은 소설로 ..",,0,0,0,https://twitter.com/mykorea01/status/1521424905555775489
194,2022-05-03 09:35:24,Tuesday,"두 발을 못 뻗는 이 땅이 애달파 (항일 민족시인 이상화의 문학과 삶)  https://mykyungjin.tistory.com/375  #이상화 #대구 #빼앗긴들에도봄은오는가 #항일민족시인 #나의침실로 #마돈나 #좋아요 #공유 #댓글 #북카페 #추천
mykyungjin.tistory.com
두 발을 못 뻗는 이 땅이 애달파: 항일 민족시인 이상화의 문학과 삶(이상규 지음)
그 적막하던 달구벌을 울린 메아리 생전에 시집 한 권도 남겨놓지 않고 광복을 눈앞에 둔 어느 날 훌쩍 떠난 이상화 시인, 이 책은 오랜 시간 그를 탐색해 온 이상규 교수(경북대 명예교..",,0,0,0,https://twitter.com/mykorea01/status/1521423166081748992
195,2022-05-03 23:40:24,Tuesday,"김종삼 시인 탄생 100주기(2021년) 헌정 시집  https://mykyungjin.tistory.com/378  #김종삼을생각하다 #헌정 #김종삼 #헌정시집 #좋아요 #댓글 #공유 부탁해요 #추천 #추천도서 #북카페 #책소개 #책읽기
mykyungjin.tistory.com
김종삼을 생각하다(강세환 시집, 예서 발행)
김종삼 시인을 위한 헌정 시집 강세환 시인의 열 번째 시집 ≪김종삼을 생각하다≫가 ‘예서의시 19’로 출간되었다. 이 시집은 처음부터 끝까지 ‘김종삼과 김종삼 생각과 김종삼과 관련된 시..",,0,0,0,https://twitter.com/mykorea01/status/1521635818959675393
196,2022-05-03 11:00:24,Tuesday,"막장도 이렇게까지 막장일 수는 없다 https://mykyungjin.tistory.com/337 #달콤한이별 #막장 #드라마 #첫사랑 #성폭행 #성폭력 #결혼 #치유 #책 #책추천 #책읽기 #희망도서 #추천도서 #독서 #북스타그램 #북 #도서관
mykyungjin.tistory.com
달콤한 이별(박민형 장편소설)
성폭행 당한 것을 운명으로 안고 산 여자의 절규를 들으며… 첫사랑의 상흔들이 부메랑이 되어 날아오고, 현재 함께 살고 있는 남편이 과거에 자신의 순결을 무참하게 짓밟았던 성폭행범이..",,0,0,0,https://twitter.com/mykorea01/status/1521444557464174592
197,2022-05-03 10:55:23,Tuesday,"성폭행 당한 것을 운명으로 안고 산 한 여성의 절규 https://mykyungjin.tistory.com/337 #박민형 #장편소설 #달콤한이별 #막장 #막장드라마 #첫사랑 #성폭행 #성폭력 #결혼 #치유 #북 #북스타그램 #책 #책추천 #도서
mykyungjin.tistory.com
달콤한 이별(박민형 장편소설)
성폭행 당한 것을 운명으로 안고 산 여자의 절규를 들으며… 첫사랑의 상흔들이 부메랑이 되어 날아오고, 현재 함께 살고 있는 남편이 과거에 자신의 순결을 무참하게 짓밟았던 성폭행범이..",,0,0,0,https://twitter.com/mykorea01/status/1521443297524580352
198,2022-05-03 23:00:24,Tuesday,"중국을 정확하게 판단하고 보자 https://mykyungjin.tistory.com/331 건국 70년 중국을 읽다 #중국 #외교 #정치 #G2 #시진핑 #핑퐁외교 #책 #책추천 #희망도서 #추천도서 #북 #북스타그램 #책읽기 #독서 #도서관
mykyungjin.tistory.com
중국 발전과 변화! 건국 70년을 읽다
건국 70년 중국을 읽다 국제사회에서 G2의 지위에 올라와 있는 중국은 2019년이 건국된 지 70년이 되는 해다. 이 책에서는 중국 건국 70년 간의 주요 역사를 살펴보고, 사회와 경제통상..",,0,0,0,https://twitter.com/mykorea01/status/1521625754525519875
199,2022-05-03 10:50:24,Tuesday,"훈민정음에서 신미를 보다 https://mykyungjin.tistory.com/335 #훈민정음 #비밀코드 #신미대사 #불교 #한글 #속리산 #세종 #책 #책추천 #희망도서 #추천도서 #북스타그램 #북 #독서 #책읽기
mykyungjin.tistory.com
훈민정음 비밀코드와 신미대사(최시선 지음)
과연 훈민정음은 어떻게 탄생했을까? (영화 <나랏말싸미> 그 후) 저자는 수필작가이자 현직 고등학교 교장이다. 2019년 영화 <나랏말싸미>를 보고 의문이 폭발하여, 단번에 수십 권의 책을 사고..",,0,0,0,https://twitter.com/mykorea01/status/1521442040667844609
200,2022-05-03 07:45:23,Tuesday,"페루에 가실래요? https://mykyungjin.tistory.com/362  #박세현 #산문소설 #시인 #페루 #소설 #책추천 #책읽기 #북카페 #추천도서 #독서 #독서모임 #도서관 #추천도서 #말러 #예서
mykyungjin.tistory.com
페루에 가실래요?(박세현 산문소설)
산문소설 ‘페루에 가실래요?’ ‘페루에 가실래요?’(박세현 산문소설, 2021.06.30, 예서 발행) 12권의 시집과 7권의 산문집을 인쇄한 시인 박세현이 쓴 산문소설이다. 이 소설은(혹은 소설로 ..",,0,0,0,https://twitter.com/mykorea01/status/1521395481548849152
201,2022-05-03 09:10:24,Tuesday,"500일 동안, 500번 이상 로그인: 솔직한 글쓰기와 생생한 댓글 https://mykyungjin.tistory.com/300 100일 동안 하루도 쉬지 않고 글을 쓴다. #로그인 #글쓰기 #책 #책추천 #희망도서 #추천도서 #북 #북스타그램 #독
mykyungjin.tistory.com
오백 번의 로그인: 글쓰기 공동체는 꿈꾸는 열두 사람의 100일 글쓰기(이미란 외 지음)
글쓰기 공동체를 꿈꾸는 열두 사람의 100일 글쓰기 모음집 500일 동안, 500번 이상 로그인 ≪오백 번의 로그인≫은 글쓰기 공동체를 꿈꾸는 열두 사람의 100일 글쓰기 모음집이다. ‘100일 동안 하루..",,0,0,0,https://twitter.com/mykorea01/status/1521416876970049536
202,2022-05-04 13:47:13,Wednesday,"지난 달에 읽은 책 추천
<굴 드라이브> 
모두가 마음에 없는 소리로 진심이나 상처를 태연히 가리곤 한다. 편리한 기만을 허물어 껄끄러움을 고스란히 받아들일 때, 그렇게 알게 되는 진심이란 연약할지언정 좌절이 아닌 새로운 가능성을 불러온다
1
1
7",,1,1,7,https://twitter.com/aurore_iu/status/1521848926390816770
203,2022-05-04 03:16:13,Wednesday,"제주도 포도미술관 끝에 미술도서관이 있는데, 이렇게 추천 책들이 보여서 찍어왔는데 이중 하나를 읽었는데 ..와 여기서 추천하는건 다읽어야 겠구나 싶게 좋았음
1
3
5",🎟 🎨 🖼 🎼 🎥 📚,1,3,5,https://twitter.com/Cultureful_life/status/1521690130897305601
204,2022-05-04 03:47:05,Wednesday,"주단이 배세진한테 자기가 좋아하는 책 추천해줬는데 뵤가 1권만 읽고 돌려줌

-재미없었습니까?
-...음, 제가 이런 소년병 소재는 그다지 좋아하지 않아서요... 솔직히 왜 이런 중학생 또래 아이들이 희생하고 다치고 죽고 세상을 구해야 하는지 모르겠어요.
-...호오... 나루호도.
-네? 무슨 호두?
1
27
117",,1,27,117,https://twitter.com/Big_Kims_Dick/status/1521697896990601222
205,2022-05-04 13:12:01,Wednesday,"나 책 읽는 거 좋아하는데 책 추천 좀
히가시노 게이고 작가 책 위주로…
추리소설 좋아함
9
5",,9,0,5,https://twitter.com/hn__004/status/1521840067878461440
206,2022-05-04 04:14:17,Wednesday,"1. 걔가 나한테 보내준 셀카를 올리길 바라는거임? 올려치기던 뭐던 열폭으로 밖에 안 보임
2. 인종 간 지능 차이 믿어서 80년대에 강제 불임 당한 유색 여성들한테 그 말 하셈. 이러한 희생 때문에 이미 학문적으로 반박이 다 됐음.
총균쇠랑 물고기는 존재하지 않는다 책 추천 드려요.
1
5",,1,0,5,https://twitter.com/killingbladee/status/1521704745290842113
207,2022-05-04 00:47:28,Wednesday,"17kg 6포와 퍼피1포 (사진상 강아지도 있는 것 같아서요) 
주문완료 
후원해주신 총 14분께 진심으로 감사드립니다! 

북한산 개들에 대한 이야기는 아래 권도연 작가의 북한산이란 책을 추천드립니다. 
https://book.naver.com/bookdb/book_detail.nhn?bid=21293969…
트윗 인용하기
동생집
@dongsengzip
 · 5월 4일
지난번 동생집에서 북한산 강아지들을 위한 사료 후원입니다. 안타깝게도 최저가를 맞추지는 못해서.. 어떻게 후원을 하면 좋을까 고민을 하다가...
만원씩 후원해주실 총 18명이 모집되면 동생집에서 차액을 부담하여 17kg 사료 6포를 북한산 활동가님께 전달하겠습니다.  
이 스레드 보기
4
4",,0,4,4,https://twitter.com/dongsengzip/status/1521652698759991296
208,2022-05-04 13:41:49,Wednesday,"아마따
책 추천해조
1
2",,1,0,2,https://twitter.com/khj6d4/status/1521847570255204352
209,2022-05-04 16:21:22,Wednesday,"어린이날을 기념해 어린이라는 세계라는 책을 추천드립니다. 어린이를 보는 저의 시선을 완전히 바꾸어준 책. 읽으면서 많이 반성하고 배우고 감사했어요
7",,0,0,7,https://twitter.com/realleeinhere/status/1521887720024739841
210,2022-05-04 13:20:40,Wednesday,"내일은 오랜만에 서점 가야겠다. 책 살 건데 추천 좀.
3
1",,3,0,1,https://twitter.com/Immaj01/status/1521842245506191360
211,2022-05-04 14:33:48,Wednesday,"나도 쿱스 무슨 책 읽었는지 너무너무 궁금해
책 추천 리스트 주라 쿱스야
1
2",,1,0,2,https://twitter.com/h3ll0mysumm3r/status/1521860651429535744
212,2022-05-04 04:29:20,Wednesday,"별거 아닌걸로 경쟁심 불태우는 알케 비케 보고싶음 
비케가 책 추천 해준다 했는데 했는데
그거봤는데?
그거도
그거도
아!!어떻게든추천해주마
1",,0,0,1,https://twitter.com/ika1_1031/status/1521708530637897728
213,2022-05-04 14:24:20,Wednesday," ☆트위터 교류해시 추천☆
──────────────────
별님님은 #마음한_트친에게_책_펼쳐서_아무_문장_써준다 ♪
https://gaeyou.com/t/?262901
2
1",🐝,2,0,1,https://twitter.com/star_tendo/status/1521858266246311936
214,2022-05-04 14:36:14,Wednesday,"이번 맠다는 이미 구매한 책이 많아 이렇게 샀다. 
추억의 작가님과 추천작으로 구성해보았습니다...
치치 몇년만이냐ㅠㅠ
2",⚡ 🍑,2,0,0,https://twitter.com/minarinuri/status/1521861260668973056
215,2022-05-04 00:59:08,Wednesday,"아빠가 내가 좋아하는 책 한권 사달라고 하셧는데
다 이상한 내용이라 추천을 못하겠어요
3",,0,0,3,https://twitter.com/2uckyCat/status/1521655631601889280
216,2022-05-04 14:51:42,Wednesday,"쿱뜨야 책추천좀 ㅠㅠ
트윗 인용하기
밀리의 서재
@bookclub_millie
 · 5월 4일
@pledis_17 초특급 글로벌 아티스트 세븐틴과 캐럿들의 총괄리더 에스쿱스님이 일본에서 밀리로 독서하신다던데! 이 신기방기뿡뿡방기한 소식에 밀리는 심장이 떨려서 뭐부터 해야할지 모르겠지만 ㅠㅠ 일단 냅다 밀리도 쿱랑해 캐럿들도 럿랑해 세븐틴도 캐럿도 독서와 무제한 친해지리
이 스레드 보기
1",💎 🍒 💎 💖 💙 💛,0,0,1,https://twitter.com/17SVT_WW/status/1521865153112723462
217,2022-05-04 15:36:34,Wednesday,재밌는 책 쫌 추천해조,,0,0,0,https://twitter.com/jay__ignacio_er/status/1521876445043523585
218,2022-05-04 14:24:08,Wednesday,"책 추천 받아요.. 자기개발서, 에세이 제외....",,0,0,0,https://twitter.com/assssid1/status/1521858218406051840
219,2022-05-04 08:09:19,Wednesday,"중립악
책추천 받습니다
트윗 인용하기
웜
@wor_rn
 · 2020년 12월 5일
아 아
잠시 조사 나왔습니다
인용이나 퍼블트로 본인 성향 알려주세요 궁금해요!!
이 스레드 보기
1",,1,0,0,https://twitter.com/ik_myeong14/status/1521763891910701057
220,2022-05-04 11:15:59,Wednesday,"말도안되
북맠해둿던
책추천타래
지우셧나바..",,0,0,0,https://twitter.com/duck_soon_/status/1521810866077057024
221,2022-05-04 06:38:30,Wednesday,"많 ㅘ카페 책 추천좀
기억하리?
응",🍯,0,0,0,https://twitter.com/s_uum_/status/1521741036162531328
222,2022-05-04 20:40:19,Wednesday,"마크 모비우스 (이머징마켓을 움직이는 미다스의 손) 태양맘- 추천드립니다 아주 만족스러운 책입니다. 가격대비 최고인 상품인것같습니다. 적극 추천합니다. 어린이들에게 아주 좋  한번 적극 추천드립…
yes24.com
이머징마켓을 움직이는 미다스의 손 마크 모비우스 - YES24
템플턴 그룹의 이머징마켓 총괄 매니저, 금융위기에서도 30%이상의 수익률을 올린 유일한 펀드로 더욱 유명해진 ‘모비우스 박사’의 이야기를 다루고 있는 책이다. 이 책은 1987년에 1억 달러로 시작한 템플턴의 이머징마켓 투자펀드를 20년 만에 360억 달러 규...",,0,0,0,https://twitter.com/oojoonet/status/1521952887508979712
